{"_timestamp":1.7333589377945065e+09,"_step":3,"Loss":0.6004154086112976,"PDE Loss":0.04832236096262932,"_wandb":{"runtime":12},"Data Loss":1,"_runtime":12.7050547,"Epoch":2,"BC Loss":0.752884030342102,"Solution":{"path":"media/plotly/Solution_1_6ad2bcac200f13d85707.plotly.json","_type":"plotly-file","sha256":"6ad2bcac200f13d857076c6b292c8128b08b647e5bedd12389e3060a77e1adec","size":62868202}}