{"Epoch":29999,"_wandb":{"runtime":306},"_runtime":306.9912047,"BC Loss":4.75038104923442e-05,"Data Loss":0.012451489455997944,"PDE Loss":0.0855465829372406,"_step":29999,"Loss":0.03268185630440712,"_timestamp":1.7333322976624715e+09}