{"Loss":0.3655417561531067,"PDE Loss":0.13609977066516876,"Data Loss":0,"_timestamp":1.7333603468871808e+09,"_runtime":0.9416296,"Epoch":0,"_step":0,"BC Loss":0.9115580320358276,"_wandb":{"runtime":1}}