{"Loss":0.41607019305229187,"gradients/layers.1.weight":{"_type":"histogram","values":[1,0,0,0,0,0,0,1,0,0,0,0,0,0,1,0,0,0,0,0,1,0,0,0,0,0,1,0,0,0,0,0,0,0,0,1,0,0,0,0,0,0,0,0,0,0,0,0,0,0,0,0,0,0,0,1,1,0,0,0,0,0,0,1],"bins":[-2.4487675545969978e-05,-2.375324947934132e-05,-2.301882159372326e-05,-2.2284395527094603e-05,-2.1549969460465945e-05,-2.0815541574847884e-05,-2.0081115508219227e-05,-1.9346687622601166e-05,-1.861226155597251e-05,-1.7877835489343852e-05,-1.714340760372579e-05,-1.6408981537097134e-05,-1.5674555470468476e-05,-1.4940128494345117e-05,-1.4205701518221758e-05,-1.3471275451593101e-05,-1.2736848475469742e-05,-1.2002421499346383e-05,-1.1267995432717726e-05,-1.0533568456594367e-05,-9.799141480471008e-06,-9.06471541384235e-06,-8.33028752822429e-06,-7.595861461595632e-06,-6.861435394966975e-06,-6.127007509348914e-06,-5.392581442720257e-06,-4.6581553760915995e-06,-3.923727490473539e-06,-3.1893014238448814e-06,-2.454875357216224e-06,-1.7204474715981632e-06,-9.86021404969506e-07,-2.515953383408487e-07,4.828325472772121e-07,1.2172586139058694e-06,1.9516846805345267e-06,2.6861125661525875e-06,3.420538632781245e-06,4.154964699409902e-06,4.889392585027963e-06,5.62381865165662e-06,6.3582447182852775e-06,7.092672603903338e-06,7.827098670531996e-06,8.561525646655355e-06,9.295952622778714e-06,1.0030378689407371e-05,1.076480566553073e-05,1.1499232641654089e-05,1.2233658708282746e-05,1.2968085684406105e-05,1.3702512660529464e-05,1.4436938727158122e-05,1.517136570328148e-05,1.590579267940484e-05,1.6640218746033497e-05,1.7374644812662154e-05,1.8109072698280215e-05,1.8843498764908873e-05,1.9577926650526933e-05,2.031235271715559e-05,2.1046778783784248e-05,2.178120666940231e-05,2.2515632736030966e-05]},"Data Loss":1,"Solution":{"sha256":"2f3c8a1a78938c9c87a74cbbacf1110e61c2d63efcf9f9aa53f13785f1b970b9","size":64220873,"path":"media/plotly/Solution_2003_2f3c8a1a78938c9c87a7.plotly.json","_type":"plotly-file"},"_timestamp":1.733359050572632e+09,"BC Loss":0.24796859920024872,"gradients/layers.0.weight":{"values":[1,0,0,0,0,0,0,0,1,0,0,0,0,1,0,0,0,0,0,0,0,0,0,0,0,0,0,0,0,0,0,0,0,0,0,0,1,0,0,0,0,0,0,0,0,0,0,0,0,0,0,0,0,0,0,0,0,0,0,0,0,0,1,1],"bins":[-2.1822750568389893e-05,-2.096017124131322e-05,-2.009759373322595e-05,-1.923501622513868e-05,-1.8372436898062006e-05,-1.7509857570985332e-05,-1.6647280062898062e-05,-1.5784702554810792e-05,-1.4922123227734119e-05,-1.4059544810152147e-05,-1.3196966392570175e-05,-1.2334387974988203e-05,-1.1471809557406232e-05,-1.060923113982426e-05,-9.746652722242288e-06,-8.884074304660317e-06,-8.021495887078345e-06,-7.158917469496373e-06,-6.296339051914401e-06,-5.433761543827131e-06,-4.571182216750458e-06,-3.7086028896737844e-06,-2.8460253815865144e-06,-1.9834478734992445e-06,-1.120868546422571e-06,-2.5828921934589744e-07,6.042882887413725e-07,1.4668657968286425e-06,2.329445123905316e-06,3.1920244509819895e-06,4.0546019590692595e-06,4.9171794671565294e-06,5.779758794233203e-06,6.6423381213098764e-06,7.504915629397146e-06,8.367493137484416e-06,9.23007246456109e-06,1.0092651791637763e-05,1.0955229299725033e-05,1.1817806807812303e-05,1.2680386134888977e-05,1.354296546196565e-05,1.440554297005292e-05,1.526812047814019e-05,1.6130699805216864e-05,1.6993279132293537e-05,1.7855856640380807e-05,1.8718434148468077e-05,1.958101347554475e-05,2.0443592802621424e-05,2.1306170310708694e-05,2.2168747818795964e-05,2.3031327145872638e-05,2.389390647294931e-05,2.475648398103658e-05,2.561906148912385e-05,2.6481640816200525e-05,2.7344220143277198e-05,2.8206797651364468e-05,2.9069375159451738e-05,2.993195448652841e-05,3.0794533813605085e-05,3.165710950270295e-05,3.2519688829779625e-05,3.33822681568563e-05],"_type":"histogram"},"gradients/layers.0.bias":{"bins":[-1.8092396203428507e-05,-1.6783291357569396e-05,-1.5474186511710286e-05,-1.4165081665851176e-05,-1.2855976819992065e-05,-1.1546871974132955e-05,-1.0237767128273845e-05,-8.928662282414734e-06,-7.619557436555624e-06,-6.310452590696514e-06,-5.001347744837403e-06,-3.692242898978293e-06,-2.3831380531191826e-06,-1.0740332072600722e-06,2.3507163859903812e-07,1.5441764844581485e-06,2.853281330317259e-06,4.162386176176369e-06,5.4714910220354795e-06,6.78059586789459e-06,8.0897007137537e-06,9.39880555961281e-06,1.0707910405471921e-05,1.2017015251331031e-05,1.3326120097190142e-05,1.4635224943049252e-05,1.5944329788908362e-05,1.7253434634767473e-05,1.8562539480626583e-05,1.9871644326485693e-05,2.1180749172344804e-05,2.2489854018203914e-05,2.3798958864063025e-05,2.5108063709922135e-05,2.6417168555781245e-05,2.7726273401640356e-05,2.9035378247499466e-05,3.0344483093358576e-05,3.165358793921769e-05,3.29626927850768e-05,3.427179763093591e-05,3.558090247679502e-05,3.689000732265413e-05,3.819911216851324e-05,3.950821701437235e-05,4.081732186023146e-05,4.212642670609057e-05,4.343553155194968e-05,4.474463639780879e-05,4.60537412436679e-05,4.736284608952701e-05,4.867195093538612e-05,4.998105578124523e-05,5.129016062710434e-05,5.259926547296345e-05,5.390837031882256e-05,5.521747516468167e-05,5.6526580010540783e-05,5.7835684856399894e-05,5.9144789702259004e-05,6.0453894548118114e-05,6.176299939397722e-05,6.307210423983634e-05,6.438120908569545e-05,6.569031393155456e-05],"_type":"histogram","values":[1,0,0,0,0,0,0,0,0,0,0,0,0,0,0,0,0,0,0,0,0,0,0,0,0,0,0,0,0,1,0,0,0,0,0,0,0,0,0,0,0,0,0,0,0,0,0,0,0,0,0,0,0,0,0,0,0,0,0,0,0,0,0,1]},"gradients/layers.3.weight":{"values":[1,0,0,0,0,0,0,0,0,0,0,0,0,0,0,0,0,0,0,0,0,0,0,0,0,0,0,0,0,0,0,0,0,0,0,0,0,0,0,0,0,0,0,0,0,0,0,0,0,0,1,0,0,0,0,0,0,0,0,0,0,0,0,1],"bins":[0.0009913668036460876,0.00099178624805063,0.0009922058088704944,0.0009926252532750368,0.0009930446976795793,0.0009934642584994435,0.000993883702903986,0.0009943031473085284,0.0009947227081283927,0.0009951421525329351,0.0009955615969374776,0.0009959811577573419,0.0009964006021618843,0.0009968200465664268,0.000997239607386291,0.0009976590517908335,0.0009980786126106977,0.0009984980570152402,0.0009989175014197826,0.000999337062239647,0.0009997565066441894,0.0010001759510487318,0.001000595511868596,0.0010010149562731385,0.001001434400677681,0.0010018539614975452,0.0010022734059020877,0.0010026928503066301,0.0010031124111264944,0.0010035318555310369,0.0010039512999355793,0.0010043708607554436,0.001004790305159986,0.0010052097495645285,0.0010056293103843927,0.0010060487547889352,0.0010064681991934776,0.001006887760013342,0.0010073072044178843,0.0010077266488224268,0.001008146209642291,0.0010085656540468335,0.001008985098451376,0.0010094046592712402,0.0010098241036757827,0.0010102435480803251,0.0010106631089001894,0.0010110825533047318,0.0010115019977092743,0.0010119215585291386,0.001012341002933681,0.0010127605637535453,0.0010131800081580877,0.0010135994525626302,0.0010140190133824944,0.001014438457787037,0.0010148579021915793,0.0010152774630114436,0.001015696907415986,0.0010161163518205285,0.0010165359126403928,0.0010169553570449352,0.0010173748014494777,0.001017794362269342,0.0010182138066738844],"_type":"histogram"},"PDE Loss":0.00024200353072956204,