{"gradients/graph_106layers.3.bias":{"values":[1,0,0,0,0,0,0,0,0,0,0,0,0,0,0,0,0,0,0,0,0,0,0,0,0,0,0,0,0,0,0,0,0,1,0,0,1,0,0,0,0,1,0,0,2,0,0,1,2,0,1,0,0,0,0,0,2,1,0,1,0,1,0,1],"bins":[-3.362889401614666e-06,-3.3017051919159712e-06,-3.240521209590952e-06,-3.179336999892257e-06,-3.1181527901935624e-06,-3.0569685804948676e-06,-2.9957845981698483e-06,-2.9346003884711536e-06,-2.873416178772459e-06,-2.8122321964474395e-06,-2.7510479867487447e-06,-2.68986377705005e-06,-2.6286797947250307e-06,-2.567495585026336e-06,-2.506311375327641e-06,-2.4451271656289464e-06,-2.3839429559302516e-06,-2.3227589736052323e-06,-2.2615747639065376e-06,-2.200390554207843e-06,-2.1392065718828235e-06,-2.0780223621841287e-06,-2.016838152485434e-06,-1.9556541701604147e-06,-1.8944699604617199e-06,-1.8332857507630251e-06,-1.772101654751168e-06,-1.7109174450524733e-06,-1.6497333490406163e-06,-1.5885491393419215e-06,-1.5273650433300645e-06,-1.4661808336313698e-06,-1.4049969649931882e-06,-1.3438127552944934e-06,-1.2826285455957986e-06,-1.2214445632707793e-06,-1.1602603535720846e-06,-1.0990761438733898e-06,-1.037891934174695e-06,-9.767079518496757e-07,-9.155236853075621e-07,-8.543395892957051e-07,-7.93155493283848e-07,-7.319712835851533e-07,-6.707871875732963e-07,-6.096029778746015e-07,-5.484188818627445e-07,-4.872346721640497e-07,-4.2605057615219266e-07,-3.6486642329691676e-07,-3.0368227044164087e-07,-2.4249811758636497e-07,-1.8131396473108907e-07,-1.2012986871923204e-07,-5.894571586395614e-08,2.238436991319759e-09,6.342258984659566e-08,1.2460674270187155e-07,1.8579089555714745e-07,2.469750199907139e-07,3.081591728459898e-07,3.693433257012657e-07,4.305274501348322e-07,4.917116029901081e-07,5.52895755845384e-07],"_type":"histogram"},"Epoch":9999,"gradients/graph_107layers.2.bias":{"values":[16],"bins":[0,0],"_type":"histogram"},"gradients/graph_107layers.3.weight":{"_type":"histogram","values":[256],"bins":[0,0]},"gradients/graph_106layers.4.weight":{"values":[1,0,0,0,0,0,1,0,0,1,0,1,2,0,0,2,0,0,2,1,2,4,0,0,1,2,1,1,1,0,0,0,1,1,0,1,0,1,0,0,0,0,0,0,0,1,0,0,1,0,1,0,0,0,0,0,0,0,0,0,0,0,0,2],"bins":[-1.0467832908034325e-05,-1.0041831046692096e-05,-9.615829185349867e-06,-9.189827324007638e-06,-8.763825462665409e-06,-8.33782360132318e-06,-7.911821739980951e-06,-7.485819878638722e-06,-7.059818017296493e-06,-6.633816155954264e-06,-6.207814294612035e-06,-5.781812433269806e-06,-5.355810571927577e-06,-4.929808710585348e-06,-4.503806849243119e-06,-4.07780498790089e-06,-3.6518031265586615e-06,-3.2258012652164325e-06,-2.7997994038742036e-06,-2.3737975425319746e-06,-1.9477956811897457e-06,-1.5217938198475167e-06,-1.0957919585052878e-06,-6.697900971630588e-07,-2.4378823582082987e-07,1.8221362552139908e-07,6.08215486863628e-07,1.034217348205857e-06,1.460219209548086e-06,1.8862210708903149e-06,2.312222932232544e-06,2.7382247935747728e-06,3.1642266549170017e-06,3.5902285162592307e-06,4.01623037760146e-06,4.4422322389436886e-06,4.8682341002859175e-06,5.2942359616281465e-06,5.720237822970375e-06,6.146239684312604e-06,6.572241545654833e-06,6.998243406997062e-06,7.424245268339291e-06,7.85024712968152e-06,8.276248991023749e-06,8.702250852365978e-06,9.128252713708207e-06,9.554254575050436e-06,9.980256436392665e-06,1.0406258297734894e-05,1.0832260159077123e-05,1.1258262020419352e-05,1.168426388176158e-05,1.211026574310381e-05,1.2536267604446039e-05,1.2962269465788268e-05,1.3388271327130497e-05,1.3814273188472725e-05,1.4240275049814954e-05,1.4666276911157183e-05,1.5092278772499412e-05,1.551828063384164e-05,1.594428249518387e-05,1.63702843565261e-05,1.6796286217868328e-05],"_type":"histogram"},"gradients/graph_106layers.1.weight":{"values":[1,0,0,0,1,0,0,1,1,0,0,0,0,0,0,0,0,0,0,1,0,0,1,1,1,0,2,2,3,2,0,5,3,7,9,13,14,19,26,23,23,27,14,16,9,4,9,3,0,2,4,1,1,3,0,1,0,1,1,0,0,0,0,1],"bins":[-2.6849957066588104e-06,-2.616973006297485e-06,-2.5489503059361596e-06,-2.4809273782011587e-06,-2.4129046778398333e-06,-2.344881977478508e-06,-2.2768592771171825e-06,-2.208836576755857e-06,-2.1408136490208562e-06,-2.072790948659531e-06,-2.0047682482982054e-06,-1.93674554793688e-06,-1.8687228475755546e-06,-1.8007000335273915e-06,-1.732677333166066e-06,-1.664654519117903e-06,-1.5966318187565776e-06,-1.5286091183952522e-06,-1.460586304347089e-06,-1.3925636039857636e-06,-1.3245407899376005e-06,-1.256518089576275e-06,-1.1884953892149497e-06,-1.1204725751667866e-06,-1.0524498748054611e-06,-9.844271744441357e-07,-9.164043603959726e-07,-8.483816600346472e-07,-7.803589596733218e-07,-7.123362593119964e-07,-6.443133315769956e-07,-5.762906312156701e-07,-5.082679308543447e-07,-4.4024523049301933e-07,-3.7222253013169393e-07,-3.041996023966931e-07,-2.3617690203536768e-07,-1.6815420167404227e-07,-1.0013150131271686e-07,-3.210868726455374e-08,3.591401309677167e-08,1.0393671345809707e-07,1.719595275062602e-07,2.399822278675856e-07,3.08004928228911e-07,3.7602774227707414e-07,4.4405044263839955e-07,5.120732566865627e-07,5.800959570478881e-07,6.481186574092135e-07,7.161414714573766e-07,7.84164171818702e-07,8.521869290234463e-07,9.202096862281905e-07,9.88232386589516e-07,1.0562550869508414e-06,1.1242779009990045e-06,1.1923007150471676e-06,1.260323415408493e-06,1.3283461157698184e-06,1.3963688161311438e-06,1.464391630179307e-06,1.5324143305406324e-06,1.6004371445887955e-06,1.668459844950121e-06],"_type":"histogram"},"gradients/graph_106layers.3.weight":{"bins":[-7.661757990717888e-06,-7.081265721353702e-06,-6.500773451989517e-06,-5.920281182625331e-06,-5.339788913261145e-06,-4.75929664389696e-06,-4.178804374532774e-06,-3.5983121051685885e-06,-3.017819835804403e-06,-2.437327566440217e-06,-1.8568352970760316e-06,-1.276343027711846e-06,-6.958507583476603e-07,-1.1535848898347467e-07,4.6513378038071096e-07,1.0456260497448966e-06,1.6261183191090822e-06,2.206610588473268e-06,2.7871028578374535e-06,3.367595127201639e-06,3.948087396565825e-06,4.52857966593001e-06,5.109071935294196e-06,5.689564204658382e-06,6.270056474022567e-06,6.850548743386753e-06,7.4310410127509385e-06,8.011533282115124e-06,8.59202555147931e-06,9.172517820843495e-06,9.753010090207681e-06,1.0333502359571867e-05,1.0913994628936052e-05,1.1494486898300238e-05,1.2074979167664424e-05,1.265547143702861e-05,1.3235963706392795e-05,1.381645597575698e-05,1.4396948245121166e-05,1.4977440514485352e-05,1.5557932783849537e-05,1.6138425053213723e-05,1.671891732257791e-05,1.7299409591942094e-05,1.787990186130628e-05,1.8460394130670466e-05,1.904088640003465e-05,1.9621378669398837e-05,2.0201870938763022e-05,2.0782363208127208e-05,2.1362855477491394e-05,2.194334774685558e-05,2.2523840016219765e-05,2.310433228558395e-05,2.3684824554948136e-05,2.4265316824312322e-05,2.4845809093676507e-05,2.5426301363040693e-05,2.600679363240488e-05,2.6587285901769064e-05,2.716777817113325e-05,2.7748270440497436e-05,2.832876270986162e-05,2.8909254979225807e-05,2.9489747248589993e-05],"_type":"histogram","values":[1,0,0,1,0,3,2,2,4,5,9,18,78,73,32,10,4,5,1,2,2,0,0,0,1,0,0,1,0,0,0,0,1,0,0,0,0,0,0,0,0,0,0,0,0,0,0,0,0,0,0,0,0,0,0,0,0,0,0,0,0,0,0,1]},"gradients/graph_107layers.1.weight":{"values":[256],"bins":[0,0],"_type":"histogram"},