{"_step":1,"Solution":{"sha256":"51997558ce658a4bbcc02ad5a927923e62bc3283a029a742d7f2317fd01b1b0e","size":9098,"path":"media/plotly/Solution_1_51997558ce658a4bbcc0.plotly.json","_type":"plotly-file"},"_timestamp":1.7333572544783082e+09,"PDE Loss":0.005524092353880405,"Data Loss":NaN,"Loss":NaN,"_wandb":{"runtime":11},"Epoch":0,"_runtime":11.299873999999999,"BC Loss":0.7513641119003296}