{"IC Loss":12.584757804870605,"PDE Loss":1.0062596797943115,"Data Loss":2.633643865585327,"_timestamp":1.7328859809903486e+09,"_wandb":{"runtime":2},"_runtime":2.531307988,"_step":0,"Loss":16.224660873413086}