{"Epoch":9999,"gradients/graph_36layers.4.weight":{"bins":[-2.547958865761757e-05,-2.4512519303243607e-05,-2.3545449948869646e-05,-2.2578380594495684e-05,-2.1611311240121722e-05,-2.064424188574776e-05,-1.96771725313738e-05,-1.8710103176999837e-05,-1.7743033822625875e-05,-1.6775964468251914e-05,-1.5808895113877952e-05,-1.484182575950399e-05,-1.3874756405130029e-05,-1.2907687050756067e-05,-1.1940617696382105e-05,-1.0973548342008144e-05,-1.0006478987634182e-05,-9.03940963326022e-06,-8.072340278886259e-06,-7.105270924512297e-06,-6.138201570138335e-06,-5.1711322157643735e-06,-4.204062861390412e-06,-3.23699350701645e-06,-2.2699241526424885e-06,-1.3028547982685268e-06,-3.357854438945651e-07,6.312839104793966e-07,1.5983532648533583e-06,2.56542261922732e-06,3.5324919736012816e-06,4.499561327975243e-06,5.466630682349205e-06,6.433700036723167e-06,7.400769391097128e-06,8.36783874547109e-06,9.334908099845052e-06,1.0301977454219013e-05,1.1269046808592975e-05,1.2236116162966937e-05,1.3203185517340899e-05,1.417025487171486e-05,1.5137324226088822e-05,1.6104393580462784e-05,1.7071462934836745e-05,1.8038532289210707e-05,1.900560164358467e-05,1.997267099795863e-05,2.0939740352332592e-05,2.1906809706706554e-05,2.2873879061080515e-05,2.3840948415454477e-05,2.480801776982844e-05,2.57750871242024e-05,2.6742156478576362e-05,2.7709225832950324e-05,2.8676295187324286e-05,2.9643364541698247e-05,3.061043389607221e-05,3.157750325044617e-05,3.254457260482013e-05,3.3511641959194094e-05,3.4478711313568056e-05,3.544578066794202e-05,3.641285002231598e-05],"_type":"histogram","values":[2,0,0,0,0,0,0,0,1,0,0,3,0,0,0,0,1,1,0,2,2,1,2,3,0,1,1,0,2,0,0,0,0,2,0,2,1,1,0,0,1,1,1,0,0,0,0,0,0,0,0,0,0,0,0,0,0,0,0,0,0,0,0,1]},"gradients/graph_36layers.3.bias":{"bins":[-1.0872259736061096e-05,-1.0507912520552054e-05,-1.0143565305043012e-05,-9.77921808953397e-06,-9.414870874024928e-06,-9.050523658515885e-06,-8.686176443006843e-06,-8.321829227497801e-06,-7.957482011988759e-06,-7.593134796479717e-06,-7.228787580970675e-06,-6.864440365461633e-06,-6.5000931499525905e-06,-6.135745934443548e-06,-5.771398718934506e-06,-5.407051503425464e-06,-5.042704287916422e-06,-4.67835707240738e-06,-4.314009856898338e-06,-3.9496626413892955e-06,-3.5853154258802533e-06,-3.220968210371211e-06,-2.856620994862169e-06,-2.492273779353127e-06,-2.1279265638440847e-06,-1.7635793483350426e-06,-1.3992321328260005e-06,-1.0348849173169583e-06,-6.705377018079162e-07,-3.06190486298874e-07,5.815672921016812e-08,4.2250394471921027e-07,7.868511602282524e-07,1.1511983757372946e-06,1.5155455912463367e-06,1.8798928067553788e-06,2.244240022264421e-06,2.608587237773463e-06,2.9729344532825053e-06,3.3372816687915474e-06,3.7016288843005896e-06,4.065976099809632e-06,4.430323315318674e-06,4.794670530827716e-06,5.159017746336758e-06,5.5233649618458e-06,5.8877121773548424e-06,6.2520593928638846e-06,6.616406608372927e-06,6.980753823881969e-06,7.345101039391011e-06,7.709448254900053e-06,8.073795470409095e-06,8.438142685918137e-06,8.80248990142718e-06,9.166837116936222e-06,9.531184332445264e-06,9.895531547954306e-06,1.0259878763463348e-05,1.062422597897239e-05,1.0988573194481432e-05,1.1352920409990475e-05,1.1717267625499517e-05,1.2081614841008559e-05,1.2445962056517601e-05],"_type":"histogram","values":[1,0,0,0,0,0,0,0,0,0,0,0,0,0,0,0,0,0,0,0,0,0,0,0,0,0,0,0,0,4,3,2,0,0,0,1,0,0,0,0,0,1,0,0,0,0,0,0,0,1,0,0,0,1,0,0,0,0,0,1,0,0,0,1]},"_wandb":{"runtime":128},"gradients/graph_36layers.0.bias":{"values":[1,0,0,0,0,0,0,0,1,0,0,0,0,0,0,1,0,0,0,0,0,0,0,1,0,0,0,0,1,0,0,0,0,0,0,0,0,0,0,2,0,0,0,0,1,0,1,0,0,1,0,0,0,0,1,0,1,0,1,0,0,0,1,2],"bins":[-0.00010403618216514587,-0.00010082620428875089,-9.76162264123559e-05,-9.440624853596091e-05,-9.119627065956593e-05,-8.798629278317094e-05,-8.477631490677595e-05,-8.156633703038096e-05,-7.835635915398598e-05,-7.514638127759099e-05,-7.1936403401196e-05,-6.872642552480102e-05,-6.551644764840603e-05,-6.230646977201104e-05,-5.9096491895616055e-05,-5.588651401922107e-05,-5.267653614282608e-05,-4.946655826643109e-05,-4.6256580390036106e-05,-4.304660251364112e-05,-3.983662463724613e-05,-3.6626646760851145e-05,-3.341666888445616e-05,-3.020669100806117e-05,-2.6996713131666183e-05,-2.3786735255271196e-05,-2.057675737887621e-05,-1.7366779502481222e-05,-1.4156801626086235e-05,-1.0946823749691248e-05,-7.73684587329626e-06,-4.526867996901274e-06,-1.3168901205062866e-06,1.8930877558887005e-06,5.103065632283688e-06,8.313043508678675e-06,1.1523021385073662e-05,1.4732999261468649e-05,1.7942977137863636e-05,2.1152955014258623e-05,2.436293289065361e-05,2.7572910767048597e-05,3.0782888643443584e-05,3.399286651983857e-05,3.720284439623356e-05,4.0412822272628546e-05,4.362280014902353e-05,4.683277802541852e-05,5.004275590181351e-05,5.3252733778208494e-05,5.646271165460348e-05,5.967268953099847e-05,6.288266740739346e-05,6.609264528378844e-05,6.930262316018343e-05,7.251260103657842e-05,7.57225789129734e-05,7.893255678936839e-05,8.214253466576338e-05,8.535251254215837e-05,8.856249041855335e-05,9.177246829494834e-05,9.498244617134333e-05,9.819242404773831e-05,0.0001014024019241333],"_type":"histogram"},"gradients/graph_37layers.4.weight":{"bins":[0,0],"_type":"histogram","values":[32]},"gradients/graph_37layers.4.bias":{"values":[2],"bins":[0,0],"_type":"histogram"},"BC Loss":4.96802749694325e-05,"gradients/graph_37layers.3.bias":{"bins":[0,0],"_type":"histogram","values":[16]},"gradients/graph_37layers.2.bias":{"_type":"histogram","values":[16],"bins":[0,0]},"gradients/graph_36layers.1.weight":{"_type":"histogram","values":[1,0,0,0,0,1,0,0,0,1,0,0,1,2,0,0,0,0,0,2,1,2,1,6,3,3,2,5,8,9,18,42,49,23,13,10,13,10,1,5,4,2,3,2,3,2,1,1,0,1,1,1,0,1,0,0,0,0,1,0,0,0,0,1],"bins":[-2.2837193682789803e-05,-2.2123273083707318e-05,-2.1409352484624833e-05,-2.0695431885542348e-05,-1.9981511286459863e-05,-1.926759068737738e-05,-1.8553670088294894e-05,-1.783974948921241e-05,-1.7125828890129924e-05,-1.641190829104744e-05,-1.5697987691964954e-05,-1.498406709288247e-05,-1.4270146493799984e-05,-1.35562258947175e-05,-1.2842305295635015e-05,-1.212838469655253e-05,-1.1414464097470045e-05,-1.070054349838756e-05,-9.986622899305075e-06,-9.27270230022259e-06,-8.558781701140106e-06,-7.844861102057621e-06,-7.130940502975136e-06,-6.417019903892651e-06,-5.703099304810166e-06,-4.9891787057276815e-06,-4.275258106645197e-06,-3.561337507562712e-06,-2.847416908480227e-06,-2.133496309397742e-06,-1.4195757103152573e-06,-7.056551112327725e-07,8.265487849712372e-09,7.221860869321972e-07,1.436106686014682e-06,2.150027285097167e-06,2.8639478841796517e-06,3.5778684832621366e-06,4.291789082344621e-06,5.005709681427106e-06,5.719630280509591e-06,6.433550879592076e-06,7.147471478674561e-06,7.861392077757046e-06,8.57531267683953e-06,9.289233275922015e-06,1.00031538750045e-05,1.0717074474086985e-05,1.143099507316947e-05,1.2144915672251955e-05,1.285883627133444e-05,1.3572756870416924e-05,1.428667746949941e-05,1.5000598068581894e-05,1.571451866766438e-05,1.6428439266746864e-05,1.714235986582935e-05,1.7856280464911833e-05,1.8570201063994318e-05,1.9284121663076803e-05,1.9998042262159288e-05,2.0711962861241773e-05,2.1425883460324258e-05,2.2139804059406742e-05,2.2853724658489227e-05]},"gradients/graph_36layers.1.bias":{"_type":"histogram","values":[1,0,0,0,0,0,1,0,0,0,0,0,0,0,0,0,1,0,0,0,0,0,0,0,0,1,2,0,0,1,0,0,0,0,0,0,1,0,0,1,0,0,0,3,1,0,0,0,0,1,0,1,0,0,0,0,0,0,0,0,0,0,0,1],