{"Data Loss":0.17401570081710815,"_timestamp":1.7333273437099726e+09,"_wandb":{"runtime":43},"_runtime":42.765314162,"_step":0,"Loss":0.09515142440795898,"BC Loss":0.09415864944458008,"PDE Loss":0.016031881794333458}