{"PDE Loss":2.4768454750301316e-05,"Epoch":9781,"Loss":9.99923940980807e-06,"_runtime":162.471509873,"_step":9781,"_wandb":{"runtime":162},"BC Loss":1.0229744162870702e-07,"Data Loss":5.126970336277736e-06,"_timestamp":1.7333348927123008e+09}