{"Solution":{"_type":"plotly-file","sha256":"95973b4fe9458e339e528411c747839437c52eefb747e17696913a0390ac7964","size":47992048,"path":"media/plotly/Solution_2003_95973b4fe9458e339e52.plotly.json"},"Data Loss":NaN,"_step":3002,"PDE Loss":NaN,"_runtime":72.1253577,"Loss":NaN,"_timestamp":1.7333585426553087e+09,"Epoch":2999,"_wandb":{"runtime":72},"BC Loss":NaN}