{"gradients/layers.2.weight":{"_type":"histogram","values":[1,1,0,0,0,0,0,1,0,0,0,0,1,0,0,0,1,0,0,0,0,0,0,0,0,0,0,0,1,0,0,0,0,0,0,0,0,0,1,0,0,0,0,0,0,0,0,0,0,0,0,0,0,0,0,0,0,0,1,0,0,0,0,1],"bins":[-9.480424341745675e-05,-8.558710396755487e-05,-7.636995724169537e-05,-6.715281051583588e-05,-5.7935671065934e-05,-4.8718527978053316e-05,-3.950138489017263e-05,-3.0284238164313138e-05,-2.106709871441126e-05,-1.184995926450938e-05,-2.632812538649887e-06,6.584334187209606e-06,1.5801473637111485e-05,2.5018613087013364e-05,3.423576708883047e-05,4.345290653873235e-05,5.267004598863423e-05,6.188718543853611e-05,7.110432488843799e-05,8.03214788902551e-05,8.953861834015697e-05,9.875575779005885e-05,0.00010797291179187596,0.00011719005124177784,0.00012640719069167972,0.0001356243301415816,0.00014484146959148347,0.00015405862359330058,0.0001632757775951177,0.00017249290249310434,0.00018171005649492145,0.0001909271813929081,0.00020014436449855566,0.00020936151850037277,0.00021857864339835942,0.00022779579740017653,0.00023701292229816318,0.0002462300762999803,0.0002554472303017974,0.00026466435519978404,0.00027388150920160115,0.00028309866320341825,0.0002923157881014049,0.000301532942103222,0.0003107500961050391,0.00031996722100302577,0.0003291843750048429,0.00033840152900666,0.00034761865390464664,0.0003568357788026333,0.0003660529328044504,0.0003752700868062675,0.00038448721170425415,0.00039370436570607126,0.00040292151970788836,0.000412138644605875,0.0004213557986076921,0.00043057295260950923,0.0004397900775074959,0.000449007231509313,0.0004582243855111301,0.00046744151040911674,0.00047665866441093385,0.0004858757893089205,0.0004950929433107376]},"gradients/layers.1.weight":{"_type":"histogram","values":[2,0,0,0,0,0,0,0,0,0,0,0,0,0,1,0,0,0,1,0,0,0,0,0,1,0,0,0,0,1,1,0,0,0,0,0,0,0,0,0,0,0,0,0,0,0,0,0,0,0,0,0,0,0,1,0,0,0,0,0,0,0,0,1],"bins":[-0.0002023886190727353,-0.000196302033145912,-0.00019021544721908867,-0.00018412886129226536,-0.00017804227536544204,-0.0001719556748867035,-0.00016586908895988017,-0.00015978250303305686,-0.00015369591710623354,-0.00014760933117941022,-0.0001415227452525869,-0.00013543615932576358,-0.00012934955884702504,-0.00012326298747211695,-0.0001171763869933784,-0.00011108980106655508,-0.00010500321513973176,-9.891662921290845e-05,-9.283004328608513e-05,-8.67434500833042e-05,-8.065686415648088e-05,-7.457027095369995e-05,-6.848368502687663e-05,-6.239709910005331e-05,-5.631051317322999e-05,-5.0223927246406674e-05,-4.4137341319583356e-05,-3.805075539276004e-05,-3.196415491402149e-05,-2.5877568987198174e-05,-1.9790983060374856e-05,-1.3704397133551538e-05,-7.61781120672822e-06,-1.531225279904902e-06,4.555360646918416e-06,1.0641946573741734e-05,1.6728532500565052e-05,2.28151329793036e-05,2.8901718906126916e-05,3.4988304832950234e-05,4.107489075977355e-05,4.716147668659687e-05,5.324806261342019e-05,5.9334648540243506e-05,6.542124174302444e-05,7.150782766984776e-05,7.759442087262869e-05,8.368100679945201e-05,8.976759272627532e-05,9.585417865309864e-05,0.00010194076457992196,0.00010802735778270289,0.00011411394370952621,0.00012020052963634953,0.00012628712283913046,0.00013237370876595378,0.0001384602946927771,0.00014454688061960042,0.00015063346654642373,0.00015672005247324705,0.0001628066529519856,0.00016889323887880892,0.00017497982480563223,0.00018106641073245555,0.00018715299665927887]},"PDE Loss":0.011878203600645065,"Loss":0.0512504056096077,"_runtime":66.6356287,"_timestamp":1.7333605483257923e+09,"gradients/layers.1.bias":{"bins":[-1.9740313291549683e-05,-1.7478771042078733e-05,-1.5217228792607784e-05,-1.2955686543136835e-05,-1.0694144293665886e-05,-8.432602044194937e-06,-6.171059794723988e-06,-3.909517545253038e-06,-1.6479752957820892e-06,6.135669536888599e-07,2.875109203159809e-06,5.136651452630758e-06,7.3981937021017075e-06,9.659735951572657e-06,1.1921278201043606e-05,1.4182820450514555e-05,1.6444362699985504e-05,1.8705904949456453e-05,2.0967447198927402e-05,2.322898944839835e-05,2.54905316978693e-05,2.775207394734025e-05,3.00136161968112e-05,3.227515844628215e-05,3.45367006957531e-05,3.679824294522405e-05,3.9059785194694996e-05,4.1321327444165945e-05,4.3582869693636894e-05,4.5844411943107843e-05,4.810595419257879e-05,5.036749644204974e-05,5.262903869152069e-05,5.489058094099164e-05,5.715212319046259e-05,5.941366543993354e-05,6.167520768940449e-05,6.393674993887544e-05,6.619829218834639e-05,6.845983443781734e-05,7.072137668728828e-05,7.298291893675923e-05,7.524446118623018e-05,7.750600343570113e-05,7.976754568517208e-05,8.202908793464303e-05,8.429063018411398e-05,8.655217243358493e-05,8.881371468305588e-05,9.107525693252683e-05,9.333679918199778e-05,9.559834143146873e-05,9.785988368093967e-05,0.00010012142593041062,0.00010238296817988157,0.00010464451042935252,0.00010690605267882347,0.00010916759492829442,0.00011142913717776537,0.00011369067942723632,0.00011595222167670727,0.00011821376392617822,0.00012047530617564917,0.00012273684842512012,0.00012499839067459106],"_type":"histogram","values":[1,0,0,0,0,0,0,0,0,0,0,0,0,0,0,1,0,0,0,0,0,0,0,0,0,0,0,0,0,0,0,0,0,0,0,0,0,0,0,0,0,0,0,0,0,0,0,0,0,0,0,0,0,0,0,0,0,0,0,0,0,0,0,1]},"gradients/layers.0.weight":{"_type":"histogram","values":[1,0,1,0,0,0,0,0,0,0,0,0,0,0,0,0,0,0,0,0,0,0,0,2,0,0,0,0,0,0,0,0,0,0,0,0,0,0,0,0,1,0,0,0,0,0,0,0,0,0,0,0,0,0,0,0,0,0,0,0,0,0,0,1],"bins":[-4.6203844249248505e-05,-4.342485044617206e-05,-4.064585664309561e-05,-3.7866862840019166e-05,-3.508786903694272e-05,-3.2308875233866274e-05,-2.9529881430789828e-05,-2.6750887627713382e-05,-2.3971893824636936e-05,-2.119290002156049e-05,-1.8413906218484044e-05,-1.5634912415407598e-05,-1.2855918612331152e-05,-1.0076924809254706e-05,-7.29793100617826e-06,-4.518937203101814e-06,-1.7399434000253677e-06,1.0390504030510783e-06,3.818044206127524e-06,6.5970380092039704e-06,9.376031812280416e-06,1.2155025615356863e-05,1.4934019418433309e-05,1.7713013221509755e-05,2.04920070245862e-05,2.3271000827662647e-05,2.6049994630739093e-05,2.882898843381554e-05,3.1607982236891985e-05,3.438697603996843e-05,3.716596984304488e-05,3.994496364612132e-05,4.272395744919777e-05,4.5502951252274215e-05,4.828194505535066e-05,5.106093885842711e-05,5.3839932661503553e-05,5.661892646458e-05,5.9397920267656446e-05,6.217691407073289e-05,6.495590787380934e-05,6.773490167688578e-05,7.051389547996223e-05,7.329288928303868e-05,7.607188308611512e-05,7.885087688919157e-05,8.162987069226801e-05,8.440886449534446e-05,8.71878582984209e-05,8.996685210149735e-05,9.27458459045738e-05,9.552483970765024e-05,9.830383351072669e-05,0.00010108282731380314,0.00010386182111687958,0.00010664081491995603,0.00010941980872303247,0.00011219880252610892,0.00011497779632918537,0.00011775679013226181,0.00012053578393533826,0.0001233147777384147,0.00012609377154149115,0.0001288727653445676,0.00013165175914764404]},"Solution":{"sha256":"06aefecbc00a0a5450639c29d529cd09fc0cddf457f661592fafc5d3e6c5f201","size":13523488,"path":"media/plotly/Solution_4005_06aefecbc00a0a545063.plotly.json","_type":"plotly-file"},"Epoch":4999,"Data Loss":0,"_step":5005,"gradients/layers.3.weight":{"_type":"histogram","values":[1,0,0,0,0,0,0,0,0,0,0,0,0,0,0,0,0,0,0,0,0,0,0,1,0,0,0,0,0,0,0,0,0,0,0,0,0,0,0,0,0,0,0,0,0,0,0,0,0,0,0,0,0,0,0,0,0,0,0,0,0,0,0,1],