{"BC Loss":1.1925797593903553e-07,"Loss":9.996183507610112e-06,"_step":22149,"Data Loss":4.972978786099702e-06,"PDE Loss":2.4896313334465958e-05,"_runtime":178.9267397,"_timestamp":1.733333577952243e+09,"Epoch":22149,"_wandb":{"runtime":178}}