{"BC Loss":5.3410863074532244e-06,"gradients/layers.1.bias":{"bins":[-1.0618853593769018e-05,-1.0252760148432571e-05,-9.886666703096125e-06,-9.520573257759679e-06,-9.154478902928531e-06,-8.788385457592085e-06,-8.422292012255639e-06,-8.056198566919193e-06,-7.690105121582747e-06,-7.3240116762463e-06,-6.957918230909854e-06,-6.591824330826057e-06,-6.225730885489611e-06,-5.859637440153165e-06,-5.493543540069368e-06,-5.1274500947329216e-06,-4.761356649396475e-06,-4.395263204060029e-06,-4.029169758723583e-06,-3.663075858639786e-06,-3.29698241330334e-06,-2.930888513219543e-06,-2.5647950678830966e-06,-2.1987016225466505e-06,-1.8326081772102043e-06,-1.4665147318737581e-06,-1.100421286537312e-06,-7.343278412008658e-07,-3.6823348636971787e-07,-2.1400410332717e-09,3.6395340430317447e-07,7.300468496396206e-07,1.096139385481365e-06,1.4622328308178112e-06,1.8283262761542574e-06,2.1944197214907035e-06,2.5605131668271497e-06,2.9266075216582976e-06,3.292700966994744e-06,3.65879441233119e-06,4.024887857667636e-06,4.390981303004082e-06,4.7570747483405285e-06,5.123168193676975e-06,5.489262093760772e-06,5.855355539097218e-06,6.221449439181015e-06,6.587542884517461e-06,6.953636329853907e-06,7.319729775190353e-06,7.6858232205268e-06,8.051916665863246e-06,8.418010111199692e-06,8.784103556536138e-06,9.150197911367286e-06,9.516291356703732e-06,9.882384802040178e-06,1.0248478247376624e-05,1.061457169271307e-05,1.0980665138049517e-05,1.1346759492880665e-05,1.1712852938217111e-05,1.2078946383553557e-05,1.2445039828890003e-05,1.281113327422645e-05],"_type":"histogram","values":[1,1,1,0,0,0,0,0,0,0,1,1,1,0,1,0,0,1,0,1,1,1,0,1,0,0,0,0,0,0,1,0,1,0,0,0,0,0,0,0,0,0,0,0,0,2,0,1,0,0,0,1,0,0,0,0,0,0,0,0,0,1,0,1]},"gradients/layers.2.bias":{"bins":[-2.408076761639677e-05,-2.3444765247404575e-05,-2.2808761059422977e-05,-2.2172758690430783e-05,-2.1536756321438588e-05,-2.090075213345699e-05,-2.0264749764464796e-05,-1.96287473954726e-05,-1.8992743207491003e-05,-1.835674083849881e-05,-1.772073665051721e-05,-1.7084734281525016e-05,-1.644873191253282e-05,-1.5812729543540627e-05,-1.5176725355559029e-05,-1.4540722986566834e-05,-1.3904719708079938e-05,-1.3268716429593042e-05,-1.2632714060600847e-05,-1.199671078211395e-05,-1.1360707503627054e-05,-1.072470513463486e-05,-1.0088701856147964e-05,-9.452698577661067e-06,-8.816696208668873e-06,-8.180692020687275e-06,-7.54468965169508e-06,-6.9086872827028856e-06,-6.2726830947212875e-06,-5.636680725729093e-06,-5.000678356736898e-06,-4.3646741687553e-06,-3.728671799763106e-06,-3.0926694307709113e-06,-2.456665242789313e-06,-1.8206628737971187e-06,-1.1846605048049241e-06,-5.48656316823326e-07,8.734605216886848e-08,7.23348421161063e-07,1.359352609142661e-06,1.9953549781348556e-06,2.631358256621752e-06,3.2673615351086482e-06,3.903363904100843e-06,4.539367182587739e-06,5.175370461074635e-06,5.81137283006683e-06,6.447376108553726e-06,7.0833793870406225e-06,7.719381756032817e-06,8.355385034519713e-06,8.99138831300661e-06,9.627390681998804e-06,1.02633939604857e-05,1.0899397238972597e-05,1.1535399607964791e-05,1.2171402886451688e-05,1.2807406164938584e-05,1.3443408533930779e-05,1.4079411812417675e-05,1.4715415090904571e-05,1.5351417459896766e-05,1.5987421647878364e-05,1.6623424016870558e-05],"_type":"histogram","values":[1,0,0,0,0,0,1,0,0,0,0,0,0,0,0,0,0,1,0,0,0,0,0,1,0,0,1,0,0,2,0,2,0,0,0,0,1,0,0,2,0,1,0,1,1,0,0,0,1,1,1,0,0,1,0,0,0,0,0,0,0,0,0,1]},"gradients/layers.1.weight":{"bins":[-1.0587070391920861e-05,-1.0269496669934597e-05,-9.951922038453631e-06,-9.634348316467367e-06,-9.316774594481103e-06,-8.999200872494839e-06,-8.681626241013873e-06,-8.36405251902761e-06,-8.046477887546644e-06,-7.72890416556038e-06,-7.411330443574116e-06,-7.093756266840501e-06,-6.776182090106886e-06,-6.458608368120622e-06,-6.141034191387007e-06,-5.823460469400743e-06,-5.505886292667128e-06,-5.188312115933513e-06,-4.870738393947249e-06,-4.553164217213634e-06,-4.23559049522737e-06,-3.9180163184937555e-06,-3.6004421417601407e-06,-3.2828684197738767e-06,-2.965294243040262e-06,-2.647720066306647e-06,-2.330146344320383e-06,-2.012572622334119e-06,-1.6949979908531532e-06,-1.3774242688668892e-06,-1.0598505468806252e-06,-7.422759153996594e-07,-4.2470128391869366e-07,-1.0712756193242967e-07,2.104470695485361e-07,5.280207915348001e-07,8.455945135210641e-07,1.1631691450020298e-06,1.4807428669882938e-06,1.7983165889745578e-06,2.1158907657081727e-06,2.4334649424417876e-06,2.7510386644280516e-06,3.0686128411616664e-06,3.3861870178952813e-06,3.7037607398815453e-06,4.02133491661516e-06,4.338908638601424e-06,4.656482815335039e-06,4.974056992068654e-06,5.291630714054918e-06,5.609204890788533e-06,5.926778612774797e-06,6.244352789508412e-06,6.5619269662420265e-06,6.8795006882282905e-06,7.197074864961905e-06,7.51464904169552e-06,7.832222763681784e-06,8.149796485668048e-06,8.467371117149014e-06,8.784944839135278e-06,9.102518561121542e-06,9.420093192602508e-06,9.737666914588772e-06],"_type":"histogram","values":[1,0,0,1,0,0,2,0,0,1,1,1,3,0,3,2,5,5,4,3,7,1,6,11,6,9,8,10,7,13,18,22,21,22,25,34,21,15,16,18,7,10,10,3,4,8,4,7,2,6,2,2,3,2,1,2,1,1,1,1,0,0,0,1]},"PDE Loss":4.070100112585351e-05,"gradients/layers.0.weight":{"bins":[-1.2645425158552825e-05,-1.2254251487320289e-05,-1.1863077816087753e-05,-1.1471904144855216e-05,-1.108073047362268e-05,-1.0689556802390143e-05,-1.0298383131157607e-05,-9.90720945992507e-06,-9.516035788692534e-06,-9.124862117459998e-06,-8.733688446227461e-06,-8.342514774994925e-06,-7.951340194267686e-06,-7.56016652303515e-06,-7.168992851802614e-06,-6.777819180570077e-06,-6.386645509337541e-06,-5.995471838105004e-06,-5.604298166872468e-06,-5.213124495639931e-06,-4.821950824407395e-06,-4.4307771531748585e-06,-4.039603481942322e-06,-3.6484298107097857e-06,-3.2572552299825475e-06,-2.866081558750011e-06,-2.4749078875174746e-06,-2.083734216284938e-06,-1.6925605450524017e-06,-1.3013868738198653e-06,-9.102132025873289e-07,-5.190395313547924e-07,-1.2786586012225598e-07,2.6330781111028045e-07,6.544814823428169e-07,1.0456551535753533e-06,1.4368288248078898e-06,1.8280024960404262e-06,2.2191761672729626e-06,2.610349838505499e-06,3.0015235097380355e-06,3.3926980904652737e-06,3.78387176169781e-06,4.175045432930347e-06,4.566219104162883e-06,4.9573927753954194e-06,5.348566446627956e-06,5.739740117860492e-06,6.130913789093029e-06,6.522087460325565e-06,6.913261131558102e-06,7.304434802790638e-06,7.695608474023174e-06,8.086783054750413e-06,8.477956725982949e-06,8.869130397215486e-06,9.260304068448022e-06,9.651477739680558e-06,1.0042651410913095e-05,1.0433825082145631e-05,1.0824998753378168e-05,1.1216172424610704e-05,1.160734609584324e-05,1.1998519767075777e-05,1.2389693438308313e-05],"_type":"histogram","values":[1,1,0,0,0,0,0,0,0,0,1,0,0,0,0,0,0,0,1,1,1,0,3,0,1,0,1,0,1,2,0,0,1,1,1,3,0,2,0,3,0,1,2,0,4,0,1,2,0,1,0,0,0,0,0,0,1,0,0,2,0,0,0,1]},"_runtime":51.9452777,"Epoch":4999,"gradients/layers.3.weight":{"values":[2,1,1,0,1,0,0,0,0,1,0,0,1,0,0,0,0,1,1,0,1,1,0,0,0,0,1,0,0,0,1,1,0,0,0,0,0,0,0,0,0,0,1,0,0,1,0,0,0,0,0,1,0,2,0,0,0,0,0,0,0,0,0,1],