{"_runtime":66.637116,"PDE Loss":NaN,"Loss":NaN,"BC Loss":NaN,"Data Loss":NaN,"Solution":{"sha256":"51997558ce658a4bbcc02ad5a927923e62bc3283a029a742d7f2317fd01b1b0e","size":9098,"path":"media/plotly/Solution_1002_51997558ce658a4bbcc0.plotly.json","_type":"plotly-file"},"_step":1919,"_wandb":{"runtime":66},"Epoch":1917,"_timestamp":1.7333572329765725e+09}