{"_timestamp":1.7333330982438216e+09,"_wandb":{"runtime":192},"BC Loss":1.0206466640738654e-06,"Data Loss":0.0006282177637331188,"Loss":0.00044931258889846504,"PDE Loss":0.0007186993607319891,"_step":29999,"Epoch":29999,"_runtime":192.2633704}