{"gradients/graph_58layers.4.bias":{"values":[1,0,0,0,0,0,0,0,0,0,0,0,0,0,0,0,0,0,0,0,0,0,0,0,0,0,0,0,0,0,0,0,0,0,0,0,0,0,0,0,0,0,0,0,0,0,0,0,0,0,0,0,0,0,0,0,0,0,0,0,0,0,0,1],"bins":[0.0007549133151769638,0.0007596398936584592,0.0007643664721399546,0.00076909305062145,0.0007738196873106062,0.0007785462657921016,0.000783272844273597,0.0007879994227550924,0.0007927260012365878,0.0007974525797180831,0.0008021792164072394,0.0008069057948887348,0.0008116323733702302,0.0008163589518517256,0.000821085530333221,0.0008258121088147163,0.0008305386872962117,0.000835265323985368,0.0008399919024668634,0.0008447184809483588,0.0008494450594298542,0.0008541716379113495,0.0008588982746005058,0.0008636248530820012,0.0008683514315634966,0.000873078010044992,0.0008778045885264874,0.0008825311670079827,0.0008872577454894781,0.0008919843239709735,0.0008967109606601298,0.0009014375391416252,0.0009061641176231205,0.0009108906961046159,0.0009156172745861113,0.0009203439112752676,0.000925070489756763,0.0009297970682382584,0.0009345236467197537,0.0009392502252012491,0.0009439768036827445,0.0009487033821642399,0.0009534299606457353,0.0009581565973348916,0.0009628831758163869,0.0009676097542978823,0.0009723363327793777,0.000977062969468534,0.0009817895479500294,0.0009865161264315248,0.0009912427049130201,0.0009959692833945155,0.001000695861876011,0.0010054224403575063,0.0010101490188390017,0.001014875597320497,0.0010196021758019924,0.0010243287542834878,0.001029055449180305,0.0010337820276618004,0.0010385086061432958,0.0010432351846247911,0.0010479617631062865,0.001052688341587782,0.0010574149200692773],"_type":"histogram"},"gradients/graph_59layers.1.weight":{"bins":[0,0],"_type":"histogram","values":[256]},"gradients/graph_58layers.3.weight":{"values":[1,0,1,1,1,0,0,0,0,0,0,0,0,0,0,0,0,0,3,4,0,0,1,0,3,8,5,3,22,14,19,55,20,26,16,13,4,14,2,3,3,0,1,0,6,0,0,1,0,0,0,0,0,0,0,0,0,0,0,1,0,1,0,4],"bins":[-0.0011220283340662718,-0.0010867409873753786,-0.0010514536406844854,-0.0010161661775782704,-0.0009808788308873773,-0.0009455914841964841,-0.0009103041375055909,-0.0008750167908146977,-0.0008397293859161437,-0.0008044419810175896,-0.0007691546343266964,-0.0007338672876358032,-0.00069857994094491,-0.000663292536046356,-0.0006280051893554628,-0.0005927177844569087,-0.0005574304377660155,-0.0005221430910751224,-0.00048685568617656827,-0.0004515683394856751,-0.000416280934587121,-0.00038099358789622784,-0.00034570624120533466,-0.0003104188363067806,-0.0002751314896158874,-0.00023984414292499423,-0.00020455673802644014,-0.00016926939133554697,-0.0001339820446446538,-9.869469795376062e-05,-6.340723484754562e-05,-2.811988815665245e-05,7.16757494956255e-06,4.245492164045572e-05,7.77422683313489e-05,0.0001130297314375639,0.00014831707812845707,0.00018360442481935024,0.00021889177151024342,0.0002541791764087975,0.0002894665230996907,0.00032475386979058385,0.00036004127468913794,0.0003953286213800311,0.0004306159680709243,0.00046590337296947837,0.0005011907196603715,0.0005364781245589256,0.0005717654712498188,0.000607052817940712,0.0006423402228392661,0.0006776275695301592,0.0007129149744287133,0.0007482023211196065,0.0007834896678104997,0.0008187770145013928,0.0008540644193999469,0.000889351824298501,0.0009246391709893942,0.0009599265176802874,0.0009952138643711805,0.0010305012110620737,0.0010657886741682887,0.0011010760208591819,0.001136363367550075],"_type":"histogram"},"_timestamp":1.7333543652004945e+09,"PDE Loss":0.08604027330875397,"_wandb":{"runtime":123},"Loss":0.03301102668046951,"gradients/graph_59layers.2.weight":{"bins":[0,0],"_type":"histogram","values":[256]},"gradients/graph_58layers.3.bias":{"_type":"histogram","values":[1,0,0,0,0,0,0,0,0,0,1,0,0,0,0,0,0,0,0,0,0,0,0,0,0,0,0,0,0,0,1,0,0,0,0,1,0,1,0,0,1,0,2,0,0,0,2,2,0,0,0,0,0,0,0,0,1,1,0,0,0,0,1,1],"bins":[-0.0005615028785541654,-0.0005494552315212786,-0.000537407526280731,-0.0005253598792478442,-0.0005133122322149575,-0.0005012645269744098,-0.0004892168799415231,-0.0004771692038048059,-0.0004651215276680887,-0.00045307388063520193,-0.00044102620449848473,-0.00042897852836176753,-0.0004169308813288808,-0.0004048832051921636,-0.0003928355290554464,-0.00038078788202255964,-0.00036874020588584244,-0.00035669252974912524,-0.0003446448827162385,-0.0003325972065795213,-0.0003205495304428041,-0.00030850188340991735,-0.00029645420727320015,-0.00028440653113648295,-0.0002723588841035962,-0.000260311207966879,-0.0002482635318301618,-0.0002362158556934446,-0.00022416820866055787,-0.00021212053252384067,-0.00020007285638712347,-0.00018802520935423672,-0.00017597750411368906,-0.00016392982797697186,-0.00015188218094408512,-0.00013983450480736792,-0.00012778682867065072,-0.00011573918163776398,-0.00010369150550104678,-9.164382936432958e-05,-7.959615322761238e-05,-6.754850619472563e-05,-5.550083005800843e-05,-4.345315392129123e-05,-3.140550688840449e-05,-1.9357830751687288e-05,-7.310169166885316e-06,4.737506969831884e-06,1.6785168554633856e-05,2.8832830139435828e-05,4.088050627615303e-05,5.2928167860955e-05,6.49758439976722e-05,7.702350558247417e-05,8.907116716727614e-05,0.00010111883602803573,0.00011316650488879532,0.0001252141664735973,0.0001372618426103145,0.00014930950419511646,0.00016135716577991843,0.00017340484191663563,0.0001854525035014376,0.0001975001796381548,0.00020954784122295678]},"gradients/graph_58layers.2.weight":{"_type":"histogram","values":[1,0,0,0,5,0,1,0,1,0,4,0,2,3,2,0,0,2,1,2,2,0,1,6,0,3,8,4,1,18,15,60,48,15,8,1,4,3,2,1,5,1,0,0,1,2,4,0,1,2,1,2,2,4,0,0,0,1,1,2,0,0,1,2],"bins":[-0.0006618362967856228,-0.0006410764763131738,-0.0006203166558407247,-0.0005995568353682756,-0.0005787970148958266,-0.0005580371944233775,-0.0005372774321585894,-0.0005165175534784794,-0.0004957577912136912,-0.0004749979416374117,-0.00045423812116496265,-0.00043347832979634404,-0.000412718509323895,-0.0003919586888514459,-0.00037119886837899685,-0.0003504390479065478,-0.0003296792274340987,-0.00030891940696164966,-0.0002881595864892006,-0.00026739976601675153,-0.00024663994554430246,-0.00022588015417568386,-0.0002051203337032348,-0.00018436051323078573,-0.00016360072186216712,-0.00014284090138971806,-0.000122081080917269,-0.00010132126044481993,-8.056143997237086e-05,-5.98016194999218e-05,-3.9041799027472734e-05,-1.828197855502367e-05,2.4779001250863075e-06,2.3237720597535372e-05,4.3997541069984436e-05,6.47573615424335e-05,8.551718201488256e-05,0.00010627700248733163,0.0001270368229597807,0.00014779664343222976,0.00016855646390467882,0.00018931625527329743,0.0002100760757457465,0.00023083589621819556,0.00025159568758681417,0.00027235550805926323,0.0002931153285317123,0.00031387514900416136,0.0003346349694766104,0.0003553947899490595,0.00037615461042150855,0.0003969144308939576,0.0004176742513664067,0.00043843407183885574,0.00045919386320747435,0.0004799536836799234,0.000500713475048542,0.000521473353728652,0.0005422331159934402,0.0005629929364658892,0.0005837527569383383,0.0006045125774107873,0.0006252723978832364,0.0006460322183556855,0.0006667920388281345]},"gradients/graph_59layers.3.weight":{"_type":"histogram","values":[256],"bins":[0,0]},"BC Loss":5.669275560649112e-05,"gradients/graph_59layers.3.bias":{"values":[16],"bins":[0,0],"_type":"histogram"},"gradients/graph_59layers.4.bias":{"bins":[0,0],"_type":"histogram","values":[2]},"_runtime":123.7893209,"Epoch":9999,"gradients/graph_59layers.0.bias":{"bins":[0,0],"_type":"histogram","values":[16]},"gradients/graph_58layers.1.weight":{"_type":"histogram","values":[1,0,0,0,0,0,1,0,0,0,1,0,0,1,0,0,1,1,1,0,1,1,4,1,3,5,3,3,5,5,4,24,42,66,25,11,12,5,2,6,2,5,2,0,4,0,0,2,0,1,1,1,0,1,0,0,0,0,0,0,0,0,1,1],