{"Loss":9.868069355434272e-06,"_wandb":{"runtime":88},"Data Loss":9.220461834047455e-06,"_timestamp":1.7333323923874826e+09,"Epoch":8550,"_step":8550,"_runtime":88.3854361,"PDE Loss":2.0230281734257005e-05,"BC Loss":1.5346631698776037e-07}