{"_runtime":0.8454871,"_step":0,"Loss":0.10392262041568756,"_wandb":{"runtime":1},"BC Loss":0.09415864944458008,"PDE Loss":0.08273833245038986,"Data Loss":0.13472148776054382,"_timestamp":1.733344256246217e+09}