{"gradients/graph_62layers.3.weight":{"_type":"histogram","values":[1,1,0,0,1,0,0,0,0,1,0,0,2,0,3,1,2,1,1,3,0,2,2,5,4,3,6,2,5,7,12,43,69,13,11,6,1,4,3,0,8,2,5,1,0,0,3,3,0,7,1,5,0,0,0,0,0,0,0,0,0,0,3,3],"bins":[-0.0006336825317703187,-0.0006139202741906047,-0.0005941579584032297,-0.0005743957008235157,-0.0005546333850361407,-0.0005348711274564266,-0.0005151088116690516,-0.0004953465540893376,-0.0004755842383019626,-0.00045582198072224855,-0.0004360596649348736,-0.0004162974073551595,-0.000396535120671615,-0.0003767728339880705,-0.00035701054730452597,-0.00033724826062098145,-0.00031748597393743694,-0.0002977236872538924,-0.0002779614005703479,-0.0002581991138868034,-0.00023843682720325887,-0.00021867454051971436,-0.00019891225383616984,-0.00017914996715262532,-0.00015938770957291126,-0.0001396253937855363,-0.00011986313620582223,-0.00010010082041844726,-8.03385628387332e-05,-6.057624705135822e-05,-4.081398947164416e-05,-2.105167368426919e-05,-1.28941610455513e-06,1.847284147515893e-05,3.82351572625339e-05,5.799741484224796e-05,7.775973062962294e-05,9.7521988209337e-05,0.00011728430399671197,0.00013704656157642603,0.000156808877363801,0.00017657113494351506,0.00019633342162705958,0.0002160957083106041,0.0002358579949941486,0.00025562028167769313,0.00027538256836123765,0.00029514485504478216,0.0003149071417283267,0.0003346694284118712,0.0003544317150954157,0.00037419400177896023,0.00039395628846250474,0.00041371857514604926,0.0004334808327257633,0.0004532431485131383,0.00047300540609285235,0.0004927677218802273,0.0005125299794599414,0.0005322922952473164,0.0005520545528270304,0.0005718168686144054,0.0005915791261941195,0.0006113414419814944,0.0006311036995612085]},"gradients/graph_62layers.4.weight":{"bins":[-0.0003346521407365799,-0.00032343014026992023,-0.00031220813980326056,-0.0003009861393366009,-0.00028976413886994123,-0.00027854213840328157,-0.0002673201379366219,-0.0002560981665737927,-0.0002448761370033026,-0.00023365415108855814,-0.00022243215062189847,-0.0002112101501552388,-0.00019998816424049437,-0.0001887661637738347,-0.00017754416330717504,-0.00016632216284051538,-0.0001551001623738557,-0.00014387816190719604,-0.00013265616144053638,-0.00012143416097387671,-0.00011021216050721705,-9.899017459247261e-05,-8.776815957389772e-05,-7.654615910723805e-05,-6.532418774440885e-05,-5.410218727774918e-05,-4.2880186811089516e-05,-3.165818634442985e-05,-2.0436185877770185e-05,-9.21418541111052e-06,2.0078150555491447e-06,1.322981552220881e-05,2.4451815988868475e-05,3.567381645552814e-05,4.6895816922187805e-05,5.811781738884747e-05,6.933981785550714e-05,8.05618183221668e-05,9.178381878882647e-05,0.00010300581925548613,0.0001142278197221458,0.000125449791084975,0.00013667179155163467,0.00014789380657020956,0.000159115792484954,0.00017033779295161366,0.00018155979341827333,0.000192781793884933,0.00020400379435159266,0.00021522579481825233,0.000226447795284912,0.00023766979575157166,0.0002488917962182313,0.000260113796684891,0.0002713357680477202,0.0002825577976182103,0.0002937797689810395,0.00030500179855152965,0.00031622376991435885,0.0003274457703810185,0.0003386677708476782,0.00034988977131433785,0.0003611117717809975,0.0003723337722476572,0.00038355577271431684],"_type":"histogram","values":[1,1,1,0,0,0,0,1,1,1,0,0,0,1,1,2,0,0,0,0,1,2,0,1,0,0,0,0,0,0,0,0,0,0,1,0,2,1,0,0,0,0,0,0,0,0,0,0,0,0,0,1,0,0,1,2,1,2,0,1,2,2,1,1]},"gradients/graph_63layers.1.bias":{"bins":[0,0],"_type":"histogram","values":[16]},"gradients/graph_63layers.4.bias":{"_type":"histogram","values":[2],"bins":[0,0]},"gradients/graph_62layers.1.bias":{"_type":"histogram","values":[1,0,0,0,0,0,0,0,0,1,1,0,0,1,0,0,0,0,0,0,0,0,0,2,0,0,0,1,0,0,2,0,1,1,0,1,0,0,1,0,0,0,0,0,0,0,0,0,0,0,0,0,0,0,0,0,0,0,0,0,1,0,0,2],"bins":[-0.0012037026463076472,-0.001165045308880508,-0.0011263880878686905,-0.0010877307504415512,-0.0010490735294297338,-0.0010104161920025945,-0.000971758970990777,-0.0009331016335636377,-0.0008944444125518203,-0.000855787075124681,-0.0008171298541128635,-0.0007784725166857243,-0.0007398152374662459,-0.0007011579582467675,-0.0006625006790272892,-0.0006238433998078108,-0.0005851861205883324,-0.000546528841368854,-0.0005078715621493757,-0.0004692142829298973,-0.00043055700371041894,-0.00039189972449094057,-0.0003532424452714622,-0.00031458516605198383,-0.00027592782862484455,-0.00023727054940536618,-0.00019861327018588781,-0.00015995604917407036,-0.00012129871174693108,-8.264149073511362e-05,-4.398415330797434e-05,-5.326932296156883e-06,3.33304051309824e-05,7.198774255812168e-05,0.00011064496356993914,0.00014930230099707842,0.00018795952200889587,0.00022661685943603516,0.0002652740804478526,0.000303931359667331,0.00034258863888680935,0.00038124597631394863,0.000419903255533427,0.00045856053475290537,0.0004972178139723837,0.0005358750931918621,0.0005745323724113405,0.0006131896516308188,0.0006518469308502972,0.0006905042100697756,0.000729161489289254,0.0007678187685087323,0.0008064760477282107,0.0008451333269476891,0.0008837906643748283,0.0009224478853866458,0.0009611052228137851,0.0009997624438256025,0.0010384197812527418,0.0010770770022645593,0.0011157343396916986,0.001154391560703516,0.0011930488981306553,0.0012317061191424727,0.001270363456569612]},"gradients/graph_63layers.1.weight":{"values":[256],"bins":[0,0],"_type":"histogram"},"gradients/graph_63layers.2.bias":{"_type":"histogram","values":[16],"bins":[0,0]},"Loss":0.03355644643306732,"_step":10000,"gradients/graph_62layers.0.bias":{"bins":[-0.0023606354370713234,-0.0022643187548965216,-0.002168001839891076,-0.0020716851577162743,-0.0019753682427108288,-0.001879051560536027,-0.0017827348783612251,-0.0016864180797711015,-0.0015901012811809778,-0.0014937844825908542,-0.0013974676840007305,-0.0013011510018259287,-0.001204834203235805,-0.0011085174046456814,-0.0010122007224708796,-0.0009158839238807559,-0.0008195671252906322,-0.0007232503267005086,-0.0006269335281103849,-0.0005306168459355831,-0.00043430004734545946,-0.0003379832487553358,-0.00024166656658053398,-0.0001453496515750885,-4.9032969400286674e-05,4.728371277451515e-05,0.00014360062777996063,0.00023991730995476246,0.0003362339921295643,0.00043255090713500977,0.0005288675893098116,0.0006251845043152571,0.0007215009536594152,0.0008178176358342171,0.0009141345508396626,0.0010104512330144644,0.0011067681480199099,0.0012030848301947117,0.0012994015123695135,0.001395718427374959,0.0014920351095497608,0.0015883517917245626,0.0016846687067300081,0.00178098538890481,0.0018773021874949336,0.0019736189860850573,0.002069935668259859,0.0021662525832653046,0.0022625692654401064,0.0023588859476149082,0.0024552028626203537,0.0025515195447951555,0.0026478362269699574,0.002744153141975403,0.0028404698241502047,0.0029367865063250065,0.003033103421330452,0.0031294203363358974,0.0032257370185106993,0.003322053700685501,0.0034183706156909466,0.0035146872978657484,0.0036110039800405502,0.0037073208950459957,0.0038036375772207975],"_type":"histogram","values":[1,1,0,0,0,0,0,0,0,0,0,0,0,0,0,0,0,0,1,1,0,0,0,1,0,0,0,1,0,0,0,0,0,0,0,3,2,0,0,0,0,0,0,0,1,0,0,0,1,0,0,0,0,0,0,0,0,1,0,0,1,0,0,1]},"_wandb":{"runtime":129},"_timestamp":1.733354603251612e+09,"gradients/graph_62layers.0.weight":{"values":[1,0,0,0,0,1,0,0,0,0,1,1,0,0,0,1,0,1,0,0,0,0,1,0,0,0,0,0,0,0,1,0,0,0,1,0,2,2,0,0,0,0,0,0,0,0,0,1,0,1,0,0,0,0,0,0,0,0,0,0,0,0,0,1],