{"_step":1,"_timestamp":1.7333574258340201e+09,"_wandb":{"runtime":12},"Solution":{"path":"media/plotly/Solution_1_51997558ce658a4bbcc0.plotly.json","_type":"plotly-file","sha256":"51997558ce658a4bbcc02ad5a927923e62bc3283a029a742d7f2317fd01b1b0e","size":9098},"Epoch":0,"PDE Loss":0.2823284864425659,"_runtime":12.5507872,"Loss":NaN,"Data Loss":NaN,"BC Loss":1.012513518333435}