{"_timestamp":1.7333311511032608e+09,"_step":8906,"PDE Loss":2.5831990569713525e-05,"Data Loss":3.78219669983082e-06,"Loss":9.887003216135781e-06,"BC Loss":4.682107146436465e-08,"_wandb":{"runtime":84},"Epoch":8906,"_runtime":84.9394462}