{"_wandb":{"runtime":119},"gradients/graph_96layers.2.weight":{"_type":"histogram","values":[2,1,1,0,0,1,0,0,0,0,0,0,0,0,0,0,0,0,0,0,0,0,0,0,12,3,1,0,3,5,4,76,110,10,3,1,0,0,3,10,3,0,0,1,0,0,1,0,0,0,0,0,0,0,0,0,1,0,0,0,1,1,0,2],"bins":[-0.0034981449134647846,-0.0033891224302351475,-0.003280100179836154,-0.003171077696606517,-0.0030620554462075233,-0.002953032962977886,-0.0028440107125788927,-0.0027349882293492556,-0.002625965978950262,-0.002516943495720625,-0.0024079210124909878,-0.0022988987620919943,-0.002189876511693001,-0.0020808540284633636,-0.0019718315452337265,-0.001862809294834733,-0.0017537869280204177,-0.0016447645612061024,-0.0015357420779764652,-0.0014267198275774717,-0.0013176973443478346,-0.001208675093948841,-0.001099652610719204,-0.0009906303603202105,-0.0008816078770905733,-0.0007725856266915798,-0.0006635631434619427,-0.0005545408930629492,-0.00044551840983331203,-0.00033649615943431854,-0.0002274736762046814,-0.0001184514258056879,-9.428942576050758e-06,9.959354065358639e-05,0.00020861579105257988,0.000317638274282217,0.0004266605246812105,0.0005356830079108477,0.0006447052583098412,0.0007537277415394783,0.0008627499919384718,0.0009717724751681089,0.0010807947255671024,0.0011898172087967396,0.001298839459195733,0.0014078619424253702,0.0015168841928243637,0.0016259066760540009,0.0017349290428683162,0.0018439514096826315,0.0019529737764969468,0.002061996143311262,0.0021710186265408993,0.0022800408769398928,0.0023890631273388863,0.0024980856105685234,0.0026071080937981606,0.002716130344197154,0.002825152827426791,0.0029341750778257847,0.003043197561055422,0.0031522198114544153,0.0032612422946840525,0.003370264545083046,0.003479287028312683]},"gradients/graph_97layers.3.weight":{"values":[256],"bins":[0,0],"_type":"histogram"},"gradients/graph_96layers.1.weight":{"bins":[-0.0035879246424883604,-0.003475053235888481,-0.003362181829288602,-0.0032493104226887226,-0.003136439248919487,-0.003023567609488964,-0.0029106964357197285,-0.002797825029119849,-0.00268495362251997,-0.0025720822159200907,-0.0024592108093202114,-0.002346339635550976,-0.002233467996120453,-0.0021205968223512173,-0.002007725415751338,-0.0018948540091514587,-0.0017819826025515795,-0.0016691111959517002,-0.001556239789351821,-0.0014433683827519417,-0.0013304969761520624,-0.0012176258023828268,-0.0011047543957829475,-0.0009918829891830683,-0.000879011582583189,-0.0007661401759833097,-0.0006532687693834305,-0.0005403973627835512,-0.0004275261890143156,-0.00031465478241443634,-0.00020178337581455708,-8.891196921467781e-05,2.3959670215845108e-05,0.00013683107681572437,0.00024970248341560364,0.0003625738900154829,0.00047544529661536217,0.0005883164703845978,0.000701187876984477,0.0008140592835843563,0.0009269306901842356,0.0010398020967841148,0.001152673503383994,0.0012655449099838734,0.001378416083753109,0.0014912874903529882,0.0016041588969528675,0.0017170303035527468,0.001829901710152626,0.0019427731167525053,0.0020556445233523846,0.00216851569712162,0.002281387336552143,0.0023942585103213787,0.002507129916921258,0.0026200013235211372,0.0027328727301210165,0.0028457441367208958,0.002958615543320775,0.0030714869499206543,0.00318435812368989,0.003297229530289769,0.0034101009368896484,0.0035229723434895277,0.003635843750089407],"_type":"histogram","values":[1,0,0,0,0,0,1,0,0,0,2,0,1,1,0,1,1,1,1,2,0,0,2,1,1,2,8,5,12,16,39,30,62,24,6,6,4,4,4,4,1,2,1,1,1,1,0,1,1,0,1,0,1,0,0,1,1,0,0,0,0,0,0,1]},"gradients/graph_96layers.1.bias":{"bins":[-0.0055407024919986725,-0.005366374272853136,-0.0051920460537076,-0.005017717368900776,-0.0048433891497552395,-0.004669060930609703,-0.004494732711464167,-0.00432040449231863,-0.0041460758075118065,-0.00397174758836627,-0.0037974193692207336,-0.0036230911500751972,-0.003448762930929661,-0.0032744344789534807,-0.0031001062598079443,-0.0029257778078317642,-0.002751449588686228,-0.0025771213695406914,-0.0024027929175645113,-0.002228464698418975,-0.002054136246442795,-0.0018798080272972584,-0.001705479808151722,-0.0015311515890061855,-0.0013568233698606491,-0.0011824946850538254,-0.001008166465908289,-0.0008338382467627525,-0.0006595100276172161,-0.0004851818084716797,-0.00031085312366485596,-0.00013652490451931953,3.7803780287504196e-05,0.00021213199943304062,0.00038646021857857704,0.0005607889033854008,0.0007351171225309372,0.0009094453416764736,0.00108377356082201,0.0012581017799675465,0.0014324304647743702,0.0016067586839199066,0.001781086903065443,0.0019554151222109795,0.002129743341356516,0.002304071793332696,0.0024784000124782324,0.0026527284644544125,0.002827056683599949,0.0030013849027454853,0.0031757133547216654,0.003350041573867202,0.003524370025843382,0.0036986982449889183,0.0038730264641344547,0.004047354683279991,0.004221683368086815,0.004396011587232351,0.004570339806377888,0.004744668025523424,0.004918996244668961,0.005093324929475784,0.005267653148621321,0.005441981367766857,0.005616309586912394],"_type":"histogram","values":[1,0,0,0,0,0,0,0,0,0,1,0,0,0,0,0,0,0,1,0,0,0,0,0,0,0,0,0,0,0,3,1,0,1,2,1,1,0,1,1,0,0,0,0,0,0,0,0,0,0,0,0,0,0,0,1,0,0,0,0,0,0,0,1]},"Data Loss":0.01330964919179678,"gradients/graph_97layers.4.weight":{"values":[32],"bins":[0,0],"_type":"histogram"},"gradients/graph_97layers.1.bias":{"values":[16],"bins":[0,0],"_type":"histogram"},"gradients/graph_96layers.0.weight":{"_type":"histogram","values":[2,0,0,0,0,0,0,0,1,0,0,0,0,0,0,0,1,0,0,1,0,0,1,0,0,0,0,0,0,0,0,0,0,0,1,0,0,2,1,0,1,0,0,1,0,0,1,0,0,0,0,0,0,0,0,0,1,0,0,1,0,0,0,1],"bins":[-0.001337636262178421,-0.0013000400504097342,-0.0012624437222257257,-0.0012248475104570389,-0.0011872511822730303,-0.0011496549705043435,-0.001112058642320335,-0.0010744624305516481,-0.0010368661023676395,-0.0009992698905989528,-0.0009616736206226051,-0.0009240773506462574,-0.0008864811388775706,-0.0008488848689012229,-0.0008112885989248753,-0.0007736923289485276,-0.0007360960589721799,-0.0006984997889958322,-0.0006609035190194845,-0.0006233072490431368,-0.0005857109790667892,-0.0005481147672981024,-0.0005105184973217547,-0.000472922227345407,-0.0004353259573690593,-0.00039772968739271164,-0.00036013347562402487,-0.00032253714744001627,-0.0002849409356713295,-0.0002473446074873209,-0.00020974839571863413,-0.00017215206753462553,-0.00013455585576593876,-9.695964399725199e-05,-5.936331581324339e-05,-2.1767104044556618e-05,1.582922413945198e-05,5.342543590813875e-05,9.102176409214735e-05,0.00012861797586083412,0.0001662142458371818,0.0002038105158135295,0.00024140678578987718,0.00027900305576622486,0.00031659926753491163,0.0003541955375112593,0.000391791807487607,0.0004293880774639547,0.00046698434744030237,0.0005045806174166501,0.0005421768873929977,0.0005797731573693454,0.0006173694273456931,0.0006549656391143799,0.0006925619090907276,0.0007301581790670753,0.0007677544490434229,0.0008053507190197706,0.0008429469889961183,0.000880543258972466,0.0009181394707411528,0.0009557357407175004,0.0009933320106938481,0.0010309283388778567,0.0010685245506465435]},"BC Loss":7.752943929517642e-05,"gradients/graph_96layers.3.bias":{"values":[1,0,0,0,0,0,0,0,0,0,0,0,0,0,0,0,0,0,0,0,0,0,0,0,0,1,1,0,0,1,0,1,0,0,0,1,0,0,0,0,1,0,4,1,1,0,0,1,1,0,0,0,0,0,0,0,0,0,0,0,0,0,0,1],