{"_timestamp":1.7328858036837888e+09,"_runtime":9.547545051,"_step":0,"_wandb":{"runtime":16},"Loss":11.95537281036377,"IC Loss":9.968953132629395,"PDE Loss":0.25437986850738525,"Data Loss":1.7320390939712524}