{"_timestamp":1.7333573319277039e+09,"Solution":{"size":9098,"path":"media/plotly/Solution_1_51997558ce658a4bbcc0.plotly.json","_type":"plotly-file","sha256":"51997558ce658a4bbcc02ad5a927923e62bc3283a029a742d7f2317fd01b1b0e"},"BC Loss":0.7996046543121338,"Data Loss":NaN,"_runtime":12.0091527,"Loss":NaN,"_step":1,"Epoch":0,"_wandb":{"runtime":12},"PDE Loss":0.02529940940439701}