{"_timestamp":1.7333330077407672e+09,"BC Loss":0.0004424318321980536,"Data Loss":0.11730214208364487,"_runtime":444.235324762,"_step":29999,"Loss":0.06590953469276428,"_wandb":{"runtime":444},"PDE Loss":0.07998403161764145,"Epoch":29999}