{"PDE Loss":0.001205596374347806,"_timestamp":1.7333319847625704e+09,"_step":29999,"Epoch":29999,"BC Loss":0.00018990210082847625,"Loss":0.03664155676960945,"_runtime":194.3268133,"_wandb":{"runtime":194},"Data Loss":0.10852916538715363}