{"Data Loss":NaN,"_step":1,"PDE Loss":0.009469788521528244,"BC Loss":0.7437418699264526,"Loss":NaN,"_timestamp":1.733358349747422e+09,"_wandb":{"runtime":11},"_runtime":11.8216668,"Solution":{"sha256":"95973b4fe9458e339e528411c747839437c52eefb747e17696913a0390ac7964","size":47992048,"path":"media/plotly/Solution_1_95973b4fe9458e339e52.plotly.json","_type":"plotly-file"},"Epoch":0}