{"_step":29999,"Loss":0.0009813803480938077,"PDE Loss":0.0024645961821079254,"Epoch":29999,"BC Loss":2.435002534184605e-05,"_timestamp":1.733332588676344e+09,"_runtime":191.8076139,"_wandb":{"runtime":191},"Data Loss":0.0004551946185529232}