{"Data Loss":0,"gradients/layers.2.bias":{"values":[1,0,1,0,0,0,0,0,0,0,0,0,0,0,0,1,0,0,0,0,1,0,0,0,0,0,0,0,0,0,0,0,1,0,0,0,1,2,0,0,1,2,1,0,0,1,1,0,0,0,1,1,0,0,0,0,0,0,0,1,0,1,0,2],"bins":[-0.003632450709119439,-0.0035539581440389156,-0.003475465578958392,-0.0033969730138778687,-0.003318480448797345,-0.0032399878837168217,-0.003161495318636298,-0.0030830027535557747,-0.003004510188475251,-0.0029260176233947277,-0.002847525058314204,-0.0027690324932336807,-0.0026905396953225136,-0.0026120473630726337,-0.0025335545651614666,-0.0024550622329115868,-0.0023765694350004196,-0.0022980771027505398,-0.0022195843048393726,-0.002141091972589493,-0.0020625991746783257,-0.001984106842428446,-0.0019056141609326005,-0.001827121595852077,-0.0017486289143562317,-0.0016701363492757082,-0.0015916437841951847,-0.0015131512191146612,-0.0014346586540341377,-0.0013561660889536142,-0.0012776735238730907,-0.0011991809587925673,-0.0011206885101273656,-0.001042195945046842,-0.0009637033799663186,-0.0008852108148857951,-0.0008067182498052716,-0.0007282256847247481,-0.0006497331196442246,-0.0005712405545637012,-0.0004927479894831777,-0.00041425530798733234,-0.00033576274290680885,-0.00025727017782628536,-0.00017877761274576187,-0.00010028504766523838,-2.179248258471489e-05,5.67000824958086e-05,0.0001351926475763321,0.00021368521265685558,0.0002921777777373791,0.00037067034281790257,0.00044916290789842606,0.0005276555311866105,0.000606148096267134,0.0006846406613476574,0.0007631332264281809,0.0008416257915087044,0.0009201183565892279,0.0009986109798774123,0.0010771035449579358,0.0011555961100384593,0.0012340886751189828,0.0013125812401995063,0.0013910738052800298],"_type":"histogram"},"BC Loss":0.12441316992044449,"gradients/layers.1.bias":{"_type":"histogram","values":[2,0,0,0,0,0,0,1,0,0,0,0,0,0,1,1,0,0,1,0,0,0,0,0,1,0,1,0,0,0,0,0,1,1,0,0,1,0,0,1,1,0,0,0,2,0,1,0,1,0,0,1,0,1,0,0,0,0,0,0,0,0,0,1],"bins":[-0.012566003948450089,-0.012181629426777363,-0.011797254905104637,-0.011412881314754486,-0.01102850679308176,-0.010644132271409035,-0.010259757749736309,-0.009875383228063583,-0.009491009637713432,-0.009106635116040707,-0.008722260594367981,-0.00833788700401783,-0.00795351155102253,-0.0075691379606723785,-0.007184763438999653,-0.0068003893829882145,-0.006416014861315489,-0.006031640339642763,-0.005647266283631325,-0.005262891761958599,-0.004878517705947161,-0.004494143649935722,-0.004109769128262997,-0.003725394606590271,-0.0033410200849175453,-0.0029566455632448196,-0.0025722719728946686,-0.002187897451221943,-0.0018035229295492172,-0.0014191484078764915,-0.0010347748175263405,-0.0006504002958536148,-0.00026602577418088913,0.00011834874749183655,0.0005027232691645622,0.0008870968595147133,0.001271471381187439,0.0016558459028601646,0.0020402204245328903,0.0024245940148830414,0.002808968536555767,0.0031933430582284927,0.0035777175799012184,0.003962092101573944,0.0043464661575853825,0.004730840213596821,0.0051152147352695465,0.005499588791280985,0.0058839633129537106,0.006268337834626436,0.006652711890637875,0.0070370864123106,0.007421460468322039,0.007805834989994764,0.008190209046006203,0.008574583567678928,0.008958958089351654,0.009343331679701805,0.00972770620137453,0.010112080723047256,0.010496455244719982,0.010880829766392708,0.011265203356742859,0.011649577878415585,0.01203395240008831]},"_runtime":64.081421,"_step":5005,"PDE Loss":0.000491271959617734,"gradients/layers.0.bias":{"values":[1,0,0,0,0,0,0,1,0,0,0,1,1,1,0,1,2,0,0,1,0,0,0,3,1,0,0,0,0,0,0,1,0,0,0,0,0,0,0,0,0,0,0,0,0,0,0,0,1,0,0,1,0,0,1,1,1,0,0,0,0,0,0,1],"bins":[-0.028038067743182182,-0.02709871158003807,-0.02615935541689396,-0.025219999253749847,-0.024280644953250885,-0.023341286927461624,-0.022401932626962662,-0.02146257646381855,-0.02052322030067444,-0.019583864137530327,-0.018644507974386215,-0.017705153673887253,-0.016765795648097992,-0.01582644134759903,-0.014887085184454918,-0.013947729021310806,-0.013008372858166695,-0.012069016695022583,-0.011129660531878471,-0.01019030436873436,-0.009250948205590248,-0.008311593905091286,-0.007372237741947174,-0.0064328815788030624,-0.005493525415658951,-0.004554169252514839,-0.0036148130893707275,-0.002675456926226616,-0.0017361026257276535,-0.0007967464625835419,0.00014260970056056976,0.0010819658637046814,0.002021320164203644,0.0029606763273477554,0.003900032490491867,0.004839388653635979,0.00577874481678009,0.006718099117279053,0.007657455280423164,0.008596811443567276,0.009536167606711388,0.0104755237698555,0.011414879932999611,0.012354236096143723,0.013293590396642685,0.014232946559786797,0.015172302722930908,0.01611165888607502,0.01705101504921913,0.017990371212363243,0.018929727375507355,0.019869081676006317,0.020808439701795578,0.02174779400229454,0.022687150165438652,0.023626506328582764,0.024565862491726875,0.025505218654870987,0.0264445748180151,0.02738393098115921,0.028323285281658173,0.029262641444802284,0.030201997607946396,0.031141353771090508,0.03208070993423462],"_type":"histogram"},"gradients/layers.0.weight":{"bins":[-0.026021040976047516,-0.025264503434300423,-0.02450796402990818,-0.023751426488161087,-0.022994888946413994,-0.0222383514046669,-0.021481812000274658,-0.020725274458527565,-0.019968736916780472,-0.01921219751238823,-0.018455659970641136,-0.017699122428894043,-0.0169425830245018,-0.016186045482754707,-0.01542950700968504,-0.014672969467937946,-0.013916430994868279,-0.01315989252179861,-0.012403354980051517,-0.01164681650698185,-0.010890278965234756,-0.010133739560842514,-0.00937720201909542,-0.008620664477348328,-0.007864125072956085,-0.007107587531208992,-0.006351049989461899,-0.005594512447714806,-0.004837973043322563,-0.00408143550157547,-0.0033248979598283768,-0.0025683585554361343,-0.001811819151043892,-0.0010552816092967987,-0.0002987422049045563,0.0004577953368425369,0.0012143328785896301,0.0019708722829818726,0.0027274098247289658,0.003483947366476059,0.004240484908223152,0.004997024312615395,0.005753561854362488,0.006510099396109581,0.007266638800501823,0.008023176342248917,0.008779714815318584,0.009536252357065678,0.010292790830135345,0.011049329303205013,0.011805866844952106,0.012562405318021774,0.013318942859768867,0.014075481332838535,0.014832019805908203,0.015588557347655296,0.01634509488940239,0.017101634293794632,0.017858171835541725,0.01861470937728882,0.01937124878168106,0.020127786323428154,0.020884323865175247,0.02164086326956749,0.022397400811314583],"_type":"histogram","values":[1,0,0,0,0,0,0,0,3,0,0,0,1,0,0,0,1,0,0,0,0,2,0,0,1,1,0,1,0,1,2,1,0,0,0,1,1,2,2,3,3,1,2,0,1,1,1,2,0,0,2,0,1,0,0,1,0,0,0,0,0,0,0,1]},"_wandb":{"runtime":64},"Solution":{"path":"media/plotly/Solution_4005_96655b58d6ea14726fcc.plotly.json","_type":"plotly-file","sha256":"96655b58d6ea14726fcc650d68c2483d41f24cf24270af6e4c2e622e7c02ef6a","size":13895143},