{"_wandb":{"runtime":191},"_timestamp":1.7333313510132172e+09,"_step":29999,"Loss":0.001804022234864533,"PDE Loss":0.0009577921591699123,"BC Loss":7.493232487831847e-07,"Data Loss":0.0044535258784890175,"_runtime":191.1883566,"Epoch":29999}