{"Epoch":29999,"PDE Loss":0.0012328842421993613,"_runtime":463.142812203,"Data Loss":0.003213854506611824,"_timestamp":1.733334496348187e+09,"_step":29999,"BC Loss":4.968182565789903e-06,"Loss":0.0014839021023362875,"_wandb":{"runtime":463}}