{"Epoch":9999,"gradients/graph_57layers.4.weight":{"bins":[0,0],"_type":"histogram","values":[32]},"gradients/graph_56layers.1.weight":{"_type":"histogram","values":[1,0,1,0,0,0,1,2,2,2,3,2,6,8,4,1,4,2,3,4,11,5,8,7,9,8,11,5,10,10,11,7,9,9,10,4,8,3,4,3,7,8,5,4,5,1,1,3,2,5,1,0,1,6,1,1,2,1,0,0,1,0,2,1],"bins":[-7.998838555067778e-06,-7.745760740363039e-06,-7.4926829256583005e-06,-7.239605110953562e-06,-6.986527296248823e-06,-6.733449481544085e-06,-6.480371666839346e-06,-6.227293852134608e-06,-5.974216037429869e-06,-5.721138222725131e-06,-5.468060408020392e-06,-5.2149825933156535e-06,-4.961904778610915e-06,-4.708826963906176e-06,-4.455749149201438e-06,-4.202671334496699e-06,-3.949593519791961e-06,-3.696515705087222e-06,-3.4434378903824836e-06,-3.190360075677745e-06,-2.9372822609730065e-06,-2.684204446268268e-06,-2.4311266315635294e-06,-2.178048816858791e-06,-1.9249710021540523e-06,-1.6718931874493137e-06,-1.4188153727445751e-06,-1.1657375580398366e-06,-9.12659743335098e-07,-6.595819286303595e-07,-4.065041139256209e-07,-1.5342629922088236e-07,9.96515154838562e-08,3.5272933018859476e-07,6.058071448933333e-07,8.588849595980719e-07,1.1119627743028104e-06,1.365040589007549e-06,1.6181184037122875e-06,1.871196218417026e-06,2.1242740331217647e-06,2.3773518478265032e-06,2.6304296625312418e-06,2.8835074772359803e-06,3.136585291940719e-06,3.3896631066454574e-06,3.642740921350196e-06,3.8958187360549346e-06,4.148896550759673e-06,4.401974365464412e-06,4.65505218016915e-06,4.908129994873889e-06,5.161207809578627e-06,5.414285624283366e-06,5.6673634389881045e-06,5.920441253692843e-06,6.173519068397582e-06,6.42659688310232e-06,6.679674697807059e-06,6.932752512511797e-06,7.185830327216536e-06,7.438908141921274e-06,7.691985956626013e-06,7.945063771330751e-06,8.19814158603549e-06]},"gradients/graph_56layers.0.bias":{"bins":[-2.2331601940095425e-05,-2.1347055735532194e-05,-2.0362509530968964e-05,-1.9377963326405734e-05,-1.8393417121842504e-05,-1.7408870917279273e-05,-1.6424324712716043e-05,-1.5439778508152813e-05,-1.4455232303589582e-05,-1.3470686099026352e-05,-1.2486139894463122e-05,-1.1501593689899892e-05,-1.0517047485336661e-05,-9.532501280773431e-06,-8.5479550762102e-06,-7.5634088716469705e-06,-6.57886266708374e-06,-5.59431646252051e-06,-4.60977025795728e-06,-3.6252240533940494e-06,-2.640677848830819e-06,-1.6561316442675889e-06,-6.715854397043586e-07,3.129607648588717e-07,1.297506969422102e-06,2.2820531739853323e-06,3.2665993785485625e-06,4.251145583111793e-06,5.235691787675023e-06,6.220237992238253e-06,7.204784196801484e-06,8.189330401364714e-06,9.173876605927944e-06,1.0158422810491174e-05,1.1142969015054405e-05,1.2127515219617635e-05,1.3112061424180865e-05,1.4096607628744096e-05,1.5081153833307326e-05,1.6065700037870556e-05,1.7050246242433786e-05,1.8034792446997017e-05,1.9019338651560247e-05,2.0003884856123477e-05,2.0988431060686707e-05,2.1972977265249938e-05,2.2957523469813168e-05,2.39420696743764e-05,2.492661587893963e-05,2.591116208350286e-05,2.689570828806609e-05,2.788025449262932e-05,2.886480069719255e-05,2.984934690175578e-05,3.083389310631901e-05,3.181843931088224e-05,3.280298551544547e-05,3.37875317200087e-05,3.477207792457193e-05,3.575662412913516e-05,3.674117033369839e-05,3.772571653826162e-05,3.871026274282485e-05,3.969480894738808e-05,4.067935515195131e-05],"_type":"histogram","values":[1,0,0,1,0,0,0,0,0,1,1,1,0,0,0,0,0,2,0,0,0,0,0,0,0,0,0,0,0,0,0,0,0,0,0,0,0,0,0,1,1,0,0,2,0,0,0,0,1,0,1,0,0,0,0,1,0,1,0,0,0,0,0,1]},"gradients/graph_56layers.0.weight":{"values":[1,0,0,0,0,0,0,0,0,0,0,0,0,2,0,0,1,0,0,0,1,1,0,0,0,0,1,1,0,1,0,2,0,0,0,0,0,0,1,0,0,0,1,0,0,0,1,0,0,0,0,1,0,0,0,0,0,0,0,0,0,0,0,1],"bins":[-1.8330290913581848e-05,-1.7773560102796182e-05,-1.7216829292010516e-05,-1.666009848122485e-05,-1.6103367670439184e-05,-1.5546636859653518e-05,-1.4989906048867851e-05,-1.4433175238082185e-05,-1.387644442729652e-05,-1.3319713616510853e-05,-1.2762982805725187e-05,-1.2206251994939521e-05,-1.1649521184153855e-05,-1.1092790373368189e-05,-1.0536059562582523e-05,-9.979328751796857e-06,-9.42259794101119e-06,-8.865867130225524e-06,-8.309136319439858e-06,-7.752405508654192e-06,-7.195674697868526e-06,-6.63894388708286e-06,-6.082213076297194e-06,-5.525482265511528e-06,-4.9687514547258615e-06,-4.4120206439401954e-06,-3.855289833154529e-06,-3.2985590223688632e-06,-2.741828211583197e-06,-2.185097400797531e-06,-1.628366590011865e-06,-1.0716357792261988e-06,-5.149049684405327e-07,4.1825842345133424e-08,5.985566531307995e-07,1.1552874639164656e-06,1.7120182747021317e-06,2.268749085487798e-06,2.825479896273464e-06,3.38221070705913e-06,3.938941517844796e-06,4.495672328630462e-06,5.052403139416128e-06,5.6091339502017945e-06,6.165864760987461e-06,6.722595571773127e-06,7.279326382558793e-06,7.836057193344459e-06,8.392788004130125e-06,8.949518814915791e-06,9.506249625701457e-06,1.0062980436487123e-05,1.061971124727279e-05,1.1176442058058456e-05,1.1733172868844122e-05,1.2289903679629788e-05,1.2846634490415454e-05,1.340336530120112e-05,1.3960096111986786e-05,1.4516826922772452e-05,1.5073557733558118e-05,1.5630288544343784e-05,1.618701935512945e-05,1.6743750165915117e-05,1.7300480976700783e-05],"_type":"histogram"},"gradients/graph_57layers.0.bias":{"values":[16],"bins":[0,0],"_type":"histogram"},"_runtime":119.4480822,"gradients/graph_57layers.1.weight":{"bins":[0,0],"_type":"histogram","values":[256]},"_wandb":{"runtime":119},"_step":10000,"gradients/graph_56layers.4.bias":{"_type":"histogram","values":[1,0,0,0,0,0,0,0,0,0,0,0,0,0,0,0,0,0,0,0,0,0,0,0,0,0,0,0,0,0,0,0,0,0,0,0,0,0,0,0,0,0,0,0,0,0,0,0,0,0,0,0,0,0,0,0,0,0,0,0,0,0,0,1],"bins":[-2.3492611944675446e-07,-3.0377123039215803e-09,2.288506948389113e-07,4.6073910198174417e-07,6.92627509124577e-07,9.245159162674099e-07,1.1564043234102428e-06,1.3882927305530757e-06,1.6201811376959085e-06,1.8520695448387414e-06,2.0839579519815743e-06,2.315846359124407e-06,2.54773476626724e-06,2.779623173410073e-06,3.011511580552906e-06,3.2433999876957387e-06,3.4752883948385715e-06,3.7071768019814044e-06,3.939065209124237e-06,4.17095361626707e-06,4.402842023409903e-06,4.634730430552736e-06,4.866618837695569e-06,5.098507244838402e-06,5.3303956519812346e-06,5.5622840591240674e-06,5.7941724662669e-06,6.026060873409733e-06,6.257949280552566e-06,6.489837687695399e-06,6.721726094838232e-06,6.953614501981065e-06,7.1855029091238976e-06,7.4173913162667304e-06,7.649279723409563e-06,7.881168130552396e-06,8.113056537695229e-06,8.344944944838062e-06,8.576833351980895e-06,8.808721759123728e-06,9.04061016626656e-06,9.272498573409393e-06,9.504386980552226e-06,9.73627538769506e-06,9.968163794837892e-06,1.0200052201980725e-05,1.0431940609123558e-05,1.066382901626639e-05,1.0895717423409224e-05,1.1127605830552056e-05,1.135949423769489e-05,1.1591382644837722e-05,1.1823271051980555e-05,1.2055159459123388e-05,1.228704786626622e-05,1.2518936273409054e-05,1.2750824680551887e-05,1.298271308769472e-05,1.3214601494837552e-05,1.3446489901980385e-05,1.3678378309123218e-05,1.3910266716266051e-05,1.4142155123408884e-05,1.4374043530551717e-05,1.460593193769455e-05]},"gradients/graph_57layers.3.bias":{"_type":"histogram","values":[16],"bins":[0,0]},"gradients/graph_57layers.1.bias":{"values":[16],"bins":[0,0],"_type":"histogram"},"gradients/graph_57layers.3.weight":{"_type":"histogram","values":[256],"bins":[0,0]},