{"gradients/layers.3.bias":{"_type":"histogram","values":[1],"bins":[8.842279203236103e-05,8.842279203236103e-05]},"gradients/layers.1.bias":{"_type":"histogram","values":[1,0,0,0,0,0,0,0,0,0,0,0,0,0,0,0,0,0,0,0,0,0,0,0,0,0,0,0,0,1,0,0,0,0,0,0,0,0,0,0,0,0,0,0,0,0,0,0,0,0,0,0,0,0,0,0,0,0,0,0,0,0,0,1],"bins":[-0.0001321602612733841,-0.00012822594726458192,-0.00012429163325577974,-0.00012035731924697757,-0.00011642300523817539,-0.00011248869122937322,-0.00010855437722057104,-0.00010462006321176887,-0.00010068574920296669,-9.675143519416451e-05,-9.281712118536234e-05,-8.888280717656016e-05,-8.494849316775799e-05,-8.101417915895581e-05,-7.707986515015364e-05,-7.314555114135146e-05,-6.921123713254929e-05,-6.527692312374711e-05,-6.134260911494493e-05,-5.740829510614276e-05,-5.3473981097340584e-05,-4.953966708853841e-05,-4.560535307973623e-05,-4.167103907093406e-05,-3.773672506213188e-05,-3.3802411053329706e-05,-2.986809704452753e-05,-2.5933783035725355e-05,-2.199946902692318e-05,-1.8065155018121004e-05,-1.4130841009318829e-05,-1.0196527000516653e-05,-6.2622129917144775e-06,-2.327898982912302e-06,1.6064150258898735e-06,5.540729034692049e-06,9.475043043494225e-06,1.34093570522964e-05,1.7343671061098576e-05,2.127798506990075e-05,2.5212299078702927e-05,2.9146613087505102e-05,3.308092709630728e-05,3.701524110510945e-05,4.094955511391163e-05,4.4883869122713804e-05,4.881818313151598e-05,5.2752497140318155e-05,5.668681114912033e-05,6.0621125157922506e-05,6.455543916672468e-05,6.848975317552686e-05,7.242406718432903e-05,7.635838119313121e-05,8.029269520193338e-05,8.422700921073556e-05,8.816132321953773e-05,9.209563722833991e-05,9.602995123714209e-05,9.996426524594426e-05,0.00010389857925474644,0.00010783289326354861,0.00011176720727235079,0.00011570152128115296,0.00011963583528995514]},"gradients/layers.2.bias":{"values":[1,0,0,0,0,0,0,0,0,0,0,0,0,0,0,0,0,0,0,0,0,1,0,0,0,0,0,0,0,0,0,0,0,0,0,0,0,0,0,0,0,0,0,0,0,0,0,0,0,0,0,0,0,0,0,0,0,0,0,0,0,0,0,1],"bins":[1.4949357137084007e-05,1.541996607556939e-05,1.5890575014054775e-05,1.636118395254016e-05,1.6831792891025543e-05,1.7302401829510927e-05,1.777301076799631e-05,1.8243619706481695e-05,1.871422864496708e-05,1.9184837583452463e-05,1.9655446521937847e-05,2.012605546042323e-05,2.0596664398908615e-05,2.1067273337394e-05,2.1537882275879383e-05,2.2008491214364767e-05,2.247910015285015e-05,2.2949709091335535e-05,2.342031802982092e-05,2.3890926968306303e-05,2.4361535906791687e-05,2.483214484527707e-05,2.5302753783762455e-05,2.577336272224784e-05,2.6243971660733223e-05,2.6714580599218607e-05,2.718518953770399e-05,2.7655798476189375e-05,2.812640741467476e-05,2.8597016353160143e-05,2.9067625291645527e-05,2.953823423013091e-05,3.0008843168616295e-05,3.047945210710168e-05,3.095006104558706e-05,3.142066998407245e-05,3.189127892255783e-05,3.2361887861043215e-05,3.28324967995286e-05,3.330310573801398e-05,3.377371467649937e-05,3.424432361498475e-05,3.4714932553470135e-05,3.518554149195552e-05,3.56561504304409e-05,3.612675936892629e-05,3.659736830741167e-05,3.7067977245897055e-05,3.753858618438244e-05,3.800919512286782e-05,3.847980406135321e-05,3.895041299983859e-05,3.9421021938323975e-05,3.989163087680936e-05,4.036223981529474e-05,4.0832848753780127e-05,4.130345769226551e-05,4.1774066630750895e-05,4.224467556923628e-05,4.271528450772166e-05,4.3185893446207047e-05,4.365650238469243e-05,4.4127111323177814e-05,4.45977202616632e-05,4.506832920014858e-05],"_type":"histogram"},"gradients/layers.0.bias":{"_type":"histogram","values":[1,0,0,0,0,0,0,0,0,0,0,0,0,0,0,0,0,0,0,0,0,0,0,0,0,0,0,0,0,0,0,0,0,0,0,0,0,1,0,0,0,0,0,0,0,0,0,0,0,0,0,0,0,0,0,0,0,0,0,0,0,0,0,1],"bins":[-0.0001604350982233882,-0.00015543577319476753,-0.00015043644816614687,-0.00014543712313752621,-0.00014043779810890555,-0.00013543848763220012,-0.00013043916260357946,-0.0001254398375749588,-0.00012044051254633814,-0.00011544118751771748,-0.00011044186248909682,-0.00010544254473643377,-0.00010044321970781311,-9.544389467919245e-05,-9.044457692652941e-05,-8.544525189790875e-05,-8.044592686928809e-05,-7.544660184066743e-05,-7.044727681204677e-05,-6.544795905938372e-05,-6.044863403076306e-05,-5.54493090021424e-05,-5.0449991249479353e-05,-4.545066622085869e-05,-4.045134119223803e-05,-3.545201616361737e-05,-3.0452691134996712e-05,-2.5453366106376052e-05,-2.045405562967062e-05,-1.545473060104996e-05,-1.04554055724293e-05,-5.456080543808639e-06,-4.5675551518797874e-07,4.5425695134326816e-06,9.541894542053342e-06,1.4541219570674002e-05,1.9540544599294662e-05,2.4539855076000094e-05,2.9539180104620755e-05,3.4538505133241415e-05,3.9537830161862075e-05,4.4537155190482736e-05,4.9536480219103396e-05,5.453579797176644e-05,5.95351230003871e-05,6.453444802900776e-05,6.953376578167081e-05,7.453309081029147e-05,7.953241583891213e-05,8.453174086753279e-05,8.953106589615345e-05,9.45303836488165e-05,9.952970867743716e-05,0.00010452903370605782,0.00010952835145872086,0.00011452767648734152,0.00011952700151596218,0.00012452632654458284,0.0001295256515732035,0.00013452497660182416,0.0001395242870785296,0.00014452361210715026,0.00014952293713577092,0.00015452226216439158,0.00015952158719301224]},"Data Loss":0,"PDE Loss":0.003914785571396351,"_wandb":{"runtime":70},"BC Loss":0.12677094340324402,"gradients/layers.1.weight":{"_type":"histogram","values":[1,0,0,0,0,0,0,0,0,0,0,0,0,0,0,0,0,0,1,0,0,0,2,0,0,0,0,0,0,0,0,1,0,0,0,0,0,0,0,1,0,0,0,1,0,0,0,0,0,0,0,0,0,0,0,0,0,0,0,0,1,0,0,1],"bins":[-0.00012590759433805943,-0.00012144824722781777,-0.00011698890739353374,-0.0001125295675592497,-0.00010807022044900805,-0.0001036108733387664,-9.915153350448236e-05,-9.469219367019832e-05,-9.023284655995667e-05,-8.577349944971502e-05,-8.131415961543098e-05,-7.685481978114694e-05,-7.239547267090529e-05,-6.793612556066364e-05,-6.34767857263796e-05,-5.9017445892095566e-05,-5.4558098781853914e-05,-5.009875167161226e-05,-4.5639411837328225e-05,-4.118007200304419e-05,-3.6720724892802536e-05,-3.2261377782560885e-05,-2.7802037948276848e-05,-2.334269811399281e-05,-1.888335100375116e-05,-1.4424003893509507e-05,-9.96466405922547e-06,-5.5053242249414325e-06,-1.045977114699781e-06,3.4133699955418706e-06,7.872702553868294e-06,1.2332049664109945e-05,1.6791396774351597e-05,2.125074388459325e-05,2.57100909948349e-05,3.0169423553161323e-05,3.4628770663402975e-05,3.9088117773644626e-05,4.3547457607928663e-05,4.80067974422127e-05,5.246614455245435e-05,5.6925491662696004e-05,6.138483149698004e-05,6.584417133126408e-05,7.030351844150573e-05,7.476286555174738e-05,7.922220538603142e-05,8.368154522031546e-05,8.814089233055711e-05,9.260023944079876e-05,9.70595792750828e-05,0.00010151891910936683,0.00010597826621960849,0.00011043761332985014,0.00011489695316413417,0.00011935629299841821,0.00012381564010865986,0.00012827498721890152,0.00013273433432914317,0.0001371936668874696,0.00014165301399771124,0.0001461123611079529,0.00015057169366627932,0.00015503104077652097,0.00015949038788676262]},"_runtime":70.79409390000001,"Solution":{"_type":"plotly-file","sha256":"040319b04ab44af7298a71cf4318ec5b728778464703d15b62a4fccb32c8d57e","size":21123240,"path":"media/plotly/Solution_4005_040319b04ab44af7298a.plotly.json"},"gradients/layers.3.weight":{"values":[1,0,0,0,0,0,0,0,0,0,0,0,0,0,0,0,0,0,0,0,0,0,0,0,0,0,0,0,0,0,0,0,0,0,0,0,0,0,0,0,0,1,0,0,0,0,0,0,0,0,0,0,0,0,0,0,0,0,0,0,0,0,0,1],