{"gradients/graph_81layers.2.weight":{"values":[256],"bins":[0,0],"_type":"histogram"},"gradients/graph_81layers.3.bias":{"_type":"histogram","values":[16],"bins":[0,0]},"gradients/graph_80layers.3.weight":{"values":[1,0,0,0,0,0,0,0,0,0,0,0,0,3,0,1,2,0,2,1,4,3,1,2,1,2,8,1,7,4,16,142,13,3,10,3,5,3,1,1,1,6,1,0,0,2,0,0,0,0,2,1,0,1,0,1,0,0,0,0,0,0,0,1],"bins":[-4.9342517741024494e-05,-4.7768618969712406e-05,-4.619471656042151e-05,-4.462081415113062e-05,-4.304691537981853e-05,-4.147301660850644e-05,-3.9899114199215546e-05,-3.832521178992465e-05,-3.6751313018612564e-05,-3.5177414247300476e-05,-3.360351183800958e-05,-3.2029609428718686e-05,-3.04557106574066e-05,-2.8881810067105107e-05,-2.7307909476803616e-05,-2.5734008886502124e-05,-2.4160108296200633e-05,-2.2586207705899142e-05,-2.101230711559765e-05,-1.943840652529616e-05,-1.7864505934994668e-05,-1.629060716368258e-05,-1.4716704754391685e-05,-1.314280234510079e-05,-1.1568903573788702e-05,-9.995004802476615e-06,-8.42110239318572e-06,-6.847199983894825e-06,-5.273301212582737e-06,-3.6994024412706494e-06,-2.1255000319797546e-06,-5.515976226888597e-07,1.022301148623228e-06,2.596199919935316e-06,4.170102329226211e-06,5.744004738517106e-06,7.317903509829193e-06,8.891802281141281e-06,1.0465704690432176e-05,1.2039607099723071e-05,1.3613505871035159e-05,1.5187404642347246e-05,1.676130705163814e-05,1.8335209460929036e-05,1.9909108232241124e-05,2.1483008822542615e-05,2.3056909412844107e-05,2.4630810003145598e-05,2.620471059344709e-05,2.777861118374858e-05,2.9352511774050072e-05,3.092641418334097e-05,3.2500312954653054e-05,3.407421172596514e-05,3.564811413525604e-05,3.722201654454693e-05,3.879591531585902e-05,4.036981408717111e-05,4.1943716496462e-05,4.35176189057529e-05,4.5091517677064985e-05,4.666541644837707e-05,4.823931885766797e-05,4.981322126695886e-05,5.138712003827095e-05],"_type":"histogram"},"gradients/graph_81layers.1.bias":{"_type":"histogram","values":[16],"bins":[0,0]},"gradients/graph_80layers.4.bias":{"_type":"histogram","values":[1,0,0,0,0,0,0,0,0,0,0,0,0,0,0,0,0,0,0,0,0,0,0,0,0,0,0,0,0,0,0,0,0,0,0,0,0,0,0,0,0,0,0,0,0,0,0,0,0,0,0,0,0,0,0,0,0,0,0,0,0,0,0,1],"bins":[-1.6662757843732834e-05,-1.6627827790216543e-05,-1.6592897736700252e-05,-1.655796768318396e-05,-1.652303762966767e-05,-1.648810757615138e-05,-1.6453177522635087e-05,-1.6418247469118796e-05,-1.6383317415602505e-05,-1.6348387362086214e-05,-1.6313457308569923e-05,-1.6278527255053632e-05,-1.624359720153734e-05,-1.620866714802105e-05,-1.617373709450476e-05,-1.6138807040988468e-05,-1.6103876987472177e-05,-1.6068946933955885e-05,-1.6034016880439594e-05,-1.5999086826923303e-05,-1.5964156773407012e-05,-1.592922671989072e-05,-1.589429666637443e-05,-1.585936661285814e-05,-1.5824436559341848e-05,-1.5789506505825557e-05,-1.5754576452309266e-05,-1.5719646398792975e-05,-1.5684716345276684e-05,-1.5649786291760392e-05,-1.56148562382441e-05,-1.557992618472781e-05,-1.554499613121152e-05,-1.5510066077695228e-05,-1.5475136024178937e-05,-1.5440205970662646e-05,-1.5405275917146355e-05,-1.5370345863630064e-05,-1.5335415810113773e-05,-1.530048575659748e-05,-1.526555570308119e-05,-1.52306256495649e-05,-1.5195695596048608e-05,-1.5160765542532317e-05,-1.5125835489016026e-05,-1.5090905435499735e-05,-1.5055975381983444e-05,-1.5021045328467153e-05,-1.4986115274950862e-05,-1.4951185221434571e-05,-1.491625516791828e-05,-1.4881325114401989e-05,-1.4846395060885698e-05,-1.4811465007369407e-05,-1.4776534953853115e-05,-1.4741604900336824e-05,-1.4706674846820533e-05,-1.4671744793304242e-05,-1.4636814739787951e-05,-1.460188468627166e-05,-1.4566954632755369e-05,-1.4532024579239078e-05,-1.4497094525722787e-05,-1.4462164472206496e-05,-1.4427234418690205e-05]},"gradients/graph_81layers.2.bias":{"bins":[0,0],"_type":"histogram","values":[16]},"gradients/graph_81layers.3.weight":{"bins":[0,0],"_type":"histogram","values":[256]},"_wandb":{"runtime":123},"BC Loss":5.011893517803401e-05,"gradients/graph_80layers.1.bias":{"values":[1,0,0,0,0,0,0,0,0,0,0,0,0,0,0,0,0,0,2,0,0,0,0,0,0,0,1,0,0,0,0,1,1,0,1,0,0,0,1,0,1,1,1,0,0,0,1,1,0,0,0,0,0,0,0,1,0,0,0,0,0,0,0,2],"bins":[-5.580275319516659e-05,-5.434114427771419e-05,-5.2879538998240605e-05,-5.141793371876702e-05,-4.995632480131462e-05,-4.849471588386223e-05,-4.703311060438864e-05,-4.557150532491505e-05,-4.4109896407462656e-05,-4.264828749001026e-05,-4.1186682210536674e-05,-3.9725076931063086e-05,-3.826346801361069e-05,-3.6801859096158296e-05,-3.534025381668471e-05,-3.387864853721112e-05,-3.2417039619758725e-05,-3.095543070230633e-05,-2.9493825422832742e-05,-2.803221832436975e-05,-2.657061122590676e-05,-2.5109002308454365e-05,-2.3647397028980777e-05,-2.218579174950719e-05,-2.0724182832054794e-05,-1.92625739146024e-05,-1.780096863512881e-05,-1.6339363355655223e-05,-1.4877754438202828e-05,-1.3416145520750433e-05,-1.1954540241276845e-05,-1.0492934961803257e-05,-9.031326044350863e-06,-7.5697171268984675e-06,-6.10811184742488e-06,-4.646506567951292e-06,-3.184897650498897e-06,-1.7232887330465019e-06,-2.61683453572914e-07,1.1999218259006739e-06,2.661530743353069e-06,4.123139660805464e-06,5.584744940279052e-06,7.0463502197526395e-06,8.507959137205034e-06,9.969566235668026e-06,1.1431173334131017e-05,1.2892780432594009e-05,1.4354387531057e-05,1.581599462951999e-05,1.7277601727982983e-05,1.8739208826445974e-05,2.0200815924908966e-05,2.1662423023371957e-05,2.312403012183495e-05,2.458563722029794e-05,2.604724431876093e-05,2.7508851417223923e-05,2.8970458515686914e-05,3.0432065614149906e-05,3.18936727126129e-05,3.335528163006529e-05,3.481688690953888e-05,3.627849218901247e-05,3.774010110646486e-05],"_type":"histogram"},"Epoch":9999,"gradients/graph_80layers.4.weight":{"values":[1,0,0,1,0,1,0,0,1,1,1,0,1,0,0,2,1,2,0,0,0,1,1,2,3,0,0,0,0,0,1,1,3,1,0,1,0,0,0,0,0,2,1,0,0,1,0,0,0,0,0,0,0,0,0,0,0,0,0,0,0,0,0,2],"bins":[-2.2121588699519634e-05,-2.1237783585092984e-05,-2.0353978470666334e-05,-1.9470173356239684e-05,-1.8586368241813034e-05,-1.7702563127386384e-05,-1.6818758012959734e-05,-1.5934952898533083e-05,-1.5051147784106433e-05,-1.4167342669679783e-05,-1.3283537555253133e-05,-1.2399732440826483e-05,-1.1515927326399833e-05,-1.0632122211973183e-05,-9.748317097546533e-06,-8.864511983119883e-06,-7.980706868693233e-06,-7.0969017542665824e-06,-6.213096639839932e-06,-5.329291525413282e-06,-4.445486410986632e-06,-3.561681296559982e-06,-2.677876182133332e-06,-1.7940710677066818e-06,-9.102659532800317e-07,-2.6460838853381574e-08,8.573442755732685e-07,1.7411493899999186e-06,2.6249545044265687e-06,3.508759618853219e-06,4.392564733279869e-06,5.276369847706519e-06,6.160174962133169e-06,7.043980076559819e-06,7.92778519098647e-06,8.81159030541312e-06,9.69539541983977e-06,1.057920053426642e-05,1.146300564869307e-05,1.234681076311972e-05,1.323061587754637e-05,1.411442099197302e-05,1.499822610639967e-05,1.588203122082632e-05,1.676583633525297e-05,1.764964144967962e-05,1.853344656410627e-05,1.941725167853292e-05,2.030105679295957e-05,2.118486190738622e-05,2.206866702181287e-05,2.295247213623952e-05,2.383627725066617e-05,2.472008236509282e-05,2.560388747951947e-05,2.648769259394612e-05,2.7371497708372772e-05,2.8255302822799422e-05,2.9139107937226072e-05,3.0022913051652722e-05,3.090671816607937e-05,3.179052146151662e-05,3.267432839493267e-05,3.3558135328348726e-05,3.444193862378597e-05],"_type":"histogram"},"gradients/graph_80layers.3.bias":{"_type":"histogram","values":[1,0,0,0,0,0,0,0,0,0,0,0,0,0,0,0,0,0,0,0,0,0,0,0,0,1,0,0,1,0,0,0,0,5,4,1,0,0,0,0,0,0,1,0,0,0,0,0,0,0,0,1,0,0,0,0,0,0,0,0,0,0,0,1],