{"Loss":10.981666564941406,"IC Loss":9.360055923461914,"Solution":{"_type":"plotly-file","sha256":"0a98dcf68c41c5baf66b05315a0fe53967bfdee7808dd31f01f1d731ada60484","size":168381,"path":"media/plotly/Solution_1_0a98dcf68c41c5baf66b.plotly.json"},"_wandb":{"runtime":2},"Data Loss":1.560618281364441,"_runtime":2.848777862,"_timestamp":1.7328860468534708e+09,"_step":1,"PDE Loss":0.060992177575826645}