{"gradients/graph_29layers.4.bias":{"values":[2],"bins":[0,0],"_type":"histogram"},"gradients/graph_29layers.3.bias":{"values":[16],"bins":[0,0],"_type":"histogram"},"gradients/graph_29layers.1.weight":{"bins":[0,0],"_type":"histogram","values":[256]},"Epoch":9999,"gradients/graph_29layers.1.bias":{"_type":"histogram","values":[16],"bins":[0,0]},"_runtime":124.875462,"gradients/graph_28layers.2.weight":{"_type":"histogram","values":[1,1,0,3,0,3,0,0,1,1,0,2,1,2,2,2,3,0,1,3,4,4,5,2,7,7,13,16,13,20,26,22,14,15,10,7,8,2,3,5,1,1,4,1,1,1,4,1,2,1,0,1,0,2,1,1,0,2,1,0,0,0,0,2],"bins":[-7.886275852797553e-06,-7.63068237574771e-06,-7.375088443950517e-06,-7.119494512153324e-06,-6.863901035103481e-06,-6.608307103306288e-06,-6.3527131715090945e-06,-6.097119694459252e-06,-5.841525762662059e-06,-5.585931830864865e-06,-5.330338353815023e-06,-5.0747444220178295e-06,-4.819150490220636e-06,-4.563557013170794e-06,-4.3079630813736e-06,-4.052369604323758e-06,-3.7967756725265644e-06,-3.541181740729371e-06,-3.2855882636795286e-06,-3.0299943318823352e-06,-2.7744008548324928e-06,-2.5188069230352994e-06,-2.263212991238106e-06,-2.0076195141882636e-06,-1.7520255823910702e-06,-1.4964316505938768e-06,-1.2408381735440344e-06,-9.85244241746841e-07,-7.296503099496476e-07,-4.7405683289980516e-07,-2.1846335584996268e-07,3.713103069458157e-08,2.9272359824972227e-07,5.483170752995647e-07,8.03911461844109e-07,1.0595049388939515e-06,1.315098415943794e-06,1.5706923477409873e-06,1.8262862795381807e-06,2.081879756588023e-06,2.3374736883852165e-06,2.59306762018241e-06,2.8486610972322524e-06,3.1042550290294457e-06,3.359848960826639e-06,3.6154424378764816e-06,3.871036369673675e-06,4.126629846723517e-06,4.382223778520711e-06,4.637817710317904e-06,4.893411187367747e-06,5.14900511916494e-06,5.4045985962147824e-06,5.660192528011976e-06,5.915786459809169e-06,6.171379936859012e-06,6.426973868656205e-06,6.682567800453398e-06,6.938161277503241e-06,7.193755209300434e-06,7.449349141097628e-06,7.70494261814747e-06,7.960536095197313e-06,8.216130481741857e-06,8.4717239587917e-06]},"PDE Loss":0.08583349734544754,"gradients/graph_28layers.3.weight":{"_type":"histogram","values":[1,0,0,1,0,0,0,0,0,0,1,0,0,0,1,1,1,3,2,3,6,21,15,25,37,53,27,19,3,6,4,5,2,7,1,2,1,0,1,1,0,2,0,0,0,0,1,0,0,0,0,1,0,0,0,0,1,0,0,0,0,0,0,1],"bins":[-1.892156433314085e-05,-1.817136217141524e-05,-1.742116000968963e-05,-1.667095784796402e-05,-1.5920755686238408e-05,-1.5170553524512798e-05,-1.4420351362787187e-05,-1.3670149201061577e-05,-1.2919947039335966e-05,-1.2169744877610356e-05,-1.1419542715884745e-05,-1.0669340554159135e-05,-9.919138392433524e-06,-9.168936230707914e-06,-8.418734068982303e-06,-7.668531907256693e-06,-6.918329745531082e-06,-6.168127583805472e-06,-5.417925422079861e-06,-4.667723260354251e-06,-3.91752109862864e-06,-3.1673189369030297e-06,-2.417116775177419e-06,-1.6669146134518087e-06,-9.167124517261982e-07,-1.665102900005877e-07,5.836918717250228e-07,1.3338940334506333e-06,2.0840961951762438e-06,2.8342983569018543e-06,3.5845005186274648e-06,4.334702680353075e-06,5.084904842078686e-06,5.835107003804296e-06,6.585309165529907e-06,7.335511327255517e-06,8.085713488981128e-06,8.835915650706738e-06,9.586117812432349e-06,1.033631997415796e-05,1.108652213588357e-05,1.183672429760918e-05,1.258692645933479e-05,1.3337128621060401e-05,1.4087330782786012e-05,1.4837532944511622e-05,1.5587735106237233e-05,1.6337937267962843e-05,1.7088139429688454e-05,1.7838341591414064e-05,1.8588543753139675e-05,1.9338745914865285e-05,2.0088948076590896e-05,2.0839150238316506e-05,2.1589352400042117e-05,2.2339554561767727e-05,2.3089756723493338e-05,2.3839958885218948e-05,2.459016104694456e-05,2.534036320867017e-05,2.609056537039578e-05,2.684076753212139e-05,2.7590969693847e-05,2.834117185557261e-05,2.909137401729822e-05]},"gradients/graph_29layers.4.weight":{"bins":[0,0],"_type":"histogram","values":[32]},"gradients/graph_29layers.2.bias":{"values":[16],"bins":[0,0],"_type":"histogram"},"_wandb":{"runtime":124},"gradients/graph_28layers.3.bias":{"bins":[-2.033732016570866e-06,-1.920456043080776e-06,-1.8071800695906859e-06,-1.6939040961005958e-06,-1.5806281226105057e-06,-1.4673521491204156e-06,-1.3540761756303255e-06,-1.2408002021402353e-06,-1.1275242286501452e-06,-1.0142482551600551e-06,-9.00972281669965e-07,-7.876963081798749e-07,-6.744203346897848e-07,-5.611443611996947e-07,-4.478683877096046e-07,-3.3459241421951447e-07,-2.2131644072942436e-07,-1.0804046723933425e-07,5.235506250755861e-09,1.1851147974084597e-07,2.3178745323093608e-07,3.450634267210262e-07,4.583394002111163e-07,5.716153737012064e-07,6.848913471912965e-07,7.981673206813866e-07,9.114432941714767e-07,1.0247192676615668e-06,1.137995241151657e-06,1.251271214641747e-06,1.3645471881318372e-06,1.4778231616219273e-06,1.5910991351120174e-06,1.7043751086021075e-06,1.8176510820921976e-06,1.9309270555822877e-06,2.044203029072378e-06,2.157479002562468e-06,2.270754976052558e-06,2.384030949542648e-06,2.4973069230327383e-06,2.6105828965228284e-06,2.7238588700129185e-06,2.8371348435030086e-06,2.9504108169930987e-06,3.063686790483189e-06,3.176962763973279e-06,3.290238737463369e-06,3.403514710953459e-06,3.5167906844435493e-06,3.6300666579336394e-06,3.7433426314237295e-06,3.85661860491382e-06,3.969894351030234e-06,4.083170551894e-06,4.196446752757765e-06,4.30972249887418e-06,4.422998244990595e-06,4.53627444585436e-06,4.649550646718126e-06,4.7628263928345405e-06,4.876102138950955e-06,4.989378339814721e-06,5.102654540678486e-06,5.215930286794901e-06],"_type":"histogram","values":[1,0,0,0,0,0,1,0,1,1,0,0,0,0,1,1,0,2,0,0,0,0,0,1,0,0,0,0,2,0,0,0,0,1,0,0,0,0,0,0,0,0,0,0,0,1,0,1,1,0,0,0,0,0,0,0,0,0,0,0,0,0,0,1]},"BC Loss":4.887068644165993e-05,"gradients/graph_29layers.3.weight":{"_type":"histogram","values":[256],"bins":[0,0]},"gradients/graph_28layers.4.bias":{"values":[1,0,0,0,0,0,0,0,0,0,0,0,0,0,0,0,0,0,0,0,0,0,0,0,0,0,0,0,0,0,0,0,0,0,0,0,0,0,0,0,0,0,0,0,0,0,0,0,0,0,0,0,0,0,0,0,0,0,0,0,0,0,0,1],"bins":[-7.0766545832157135e-06,-7.020595148787834e-06,-6.964535714359954e-06,-6.908476279932074e-06,-6.8524168455041945e-06,-6.796357411076315e-06,-6.740297976648435e-06,-6.684238542220555e-06,-6.6281791077926755e-06,-6.572119673364796e-06,-6.516060238936916e-06,-6.460000804509036e-06,-6.4039413700811565e-06,-6.347881935653277e-06,-6.291822501225397e-06,-6.235763066797517e-06,-6.1797036323696375e-06,-6.123644197941758e-06,-6.067584763513878e-06,-6.011525329085998e-06,-5.9554658946581185e-06,-5.899406460230239e-06,-5.843347025802359e-06,-5.787287591374479e-06,-5.7312281569465995e-06,-5.67516872251872e-06,-5.61910928809084e-06,-5.56304985366296e-06,-5.5069904192350805e-06,-5.450930984807201e-06,-5.394871550379321e-06,-5.338812115951441e-06,-5.2827526815235615e-06,-5.226693247095682e-06,-5.170633812667802e-06,-5.114574378239922e-06,-5.0585149438120425e-06,-5.002455509384163e-06,-4.946396074956283e-06,-4.890336640528403e-06,-4.8342772061005235e-06,-4.778217771672644e-06,-4.722158337244764e-06,-4.666098902816884e-06,-4.6100394683890045e-06,-4.553980033961125e-06,-4.497920599533245e-06,-4.441861165105365e-06,-4.3858017306774855e-06,-4.329742296249606e-06,-4.273682861821726e-06,-4.217623427393846e-06,-4.1615639929659665e-06,-4.105504558538087e-06,-4.049445124110207e-06,-3.993385689682327e-06,-3.9373262552544475e-06,-3.881266820826568e-06,-3.825207386398688e-06,-3.769147951970808e-06,-3.7130885175429285e-06,-3.6570290831150487e-06,-3.600969648687169e-06,-3.544910214259289e-06,-3.4888507798314095e-06],"_type":"histogram"},"gradients/graph_28layers.2.bias":{"_type":"histogram","values":[1,0,0,0,0,1,0,0,0,0,0,0,0,0,0,0,0,0,0,1,3,0,0,0,3,1,0,1,2,0,1,0,0,1,0,0,0,0,0,0,0,0,0,0,0,0,0,0,0,0,0,0,0,0,0,0,0,0,0,0,0,0,0,1],