{"Loss":0.03330046311020851,"gradients/graph_105layers.3.weight":{"bins":[0,0],"_type":"histogram","values":[256]},"gradients/graph_105layers.4.bias":{"_type":"histogram","values":[2],"bins":[0,0]},"gradients/graph_105layers.0.bias":{"_type":"histogram","values":[16],"bins":[0,0]},"gradients/graph_104layers.2.bias":{"values":[1,0,0,0,0,0,0,0,0,0,0,0,0,1,0,1,0,0,0,0,0,0,1,2,1,1,0,0,1,0,0,0,1,1,0,0,0,0,0,0,0,0,0,1,0,1,0,0,0,0,0,0,0,0,0,0,0,0,0,0,0,2,0,1],"bins":[-5.035370122641325e-06,-4.859105501964223e-06,-4.68284088128712e-06,-4.506576260610018e-06,-4.3303116399329156e-06,-4.154047019255813e-06,-3.977782398578711e-06,-3.8015177779016085e-06,-3.625253157224506e-06,-3.4489885365474038e-06,-3.2727239158703014e-06,-3.096459295193199e-06,-2.9201946745160967e-06,-2.7439300538389944e-06,-2.567665433161892e-06,-2.3914008124847896e-06,-2.2151361918076873e-06,-2.038871571130585e-06,-1.8626069504534826e-06,-1.6863423297763802e-06,-1.5100777090992779e-06,-1.3338130884221755e-06,-1.1575484677450731e-06,-9.812838470679708e-07,-8.050192263908684e-07,-6.287546057137661e-07,-4.524899850366637e-07,-2.7622536435956135e-07,-9.9960743682459e-08,7.630387699464336e-08,2.525684976717457e-07,4.288331183488481e-07,6.050977390259504e-07,7.813623597030528e-07,9.576269803801551e-07,1.1338916010572575e-06,1.3101562217343599e-06,1.4864208424114622e-06,1.6626854630885646e-06,1.838950083765667e-06,2.0152147044427693e-06,2.1914793251198716e-06,2.367743945796974e-06,2.5440085664740764e-06,2.7202731871511787e-06,2.896537807828281e-06,3.0728024285053834e-06,3.249067049182486e-06,3.425331669859588e-06,3.6015962905366905e-06,3.777860911213793e-06,3.954125531890895e-06,4.1303901525679976e-06,4.3066547732451e-06,4.482919393922202e-06,4.659184014599305e-06,4.835448635276407e-06,5.011713255953509e-06,5.187977876630612e-06,5.364242497307714e-06,5.5405071179848164e-06,5.716771738661919e-06,5.893036359339021e-06,6.0693009800161235e-06,6.245565600693226e-06],"_type":"histogram"},"Data Loss":0.014014658518135548,"gradients/graph_104layers.1.bias":{"bins":[-4.787631951330695e-06,-4.56144152849447e-06,-4.335251105658244e-06,-4.10906113756937e-06,-3.882870714733144e-06,-3.656680291896919e-06,-3.4304898690606933e-06,-3.2042996735981433e-06,-2.9781094781355932e-06,-2.7519190552993678e-06,-2.5257286324631423e-06,-2.2995384370005922e-06,-2.0733480141643668e-06,-1.8471578187018167e-06,-1.6209673958655912e-06,-1.3947772004030412e-06,-1.1685867775668157e-06,-9.423965821042657e-07,-7.162061592680402e-07,-4.900157364318147e-07,-2.6382531359558925e-07,-3.763534550671466e-08,1.8855507732951082e-07,4.147455001657363e-07,6.409359230019618e-07,8.671263458381873e-07,1.0933163139270619e-06,1.3195067367632873e-06,1.5456971595995128e-06,1.7718875824357383e-06,1.998077550524613e-06,2.2242679733608384e-06,2.450458396197064e-06,2.6766488190332893e-06,2.902839241869515e-06,3.1290292099583894e-06,3.355219632794615e-06,3.5814100556308404e-06,3.807600478467066e-06,4.0337904465559404e-06,4.259980869392166e-06,4.486171292228391e-06,4.712361715064617e-06,4.938552137900842e-06,5.164742105989717e-06,5.3909325288259424e-06,5.617122951662168e-06,5.843313374498393e-06,6.069503797334619e-06,6.295694220170844e-06,6.521884188259719e-06,6.748074611095944e-06,6.974264579184819e-06,7.2004550020210445e-06,7.42664542485727e-06,7.652835847693495e-06,7.879026270529721e-06,8.105216693365946e-06,8.331407116202172e-06,8.557597539038397e-06,8.783787052379921e-06,9.009977475216147e-06,9.236167898052372e-06,9.462358320888598e-06,9.688548743724823e-06],"_type":"histogram","values":[2,0,0,0,1,0,2,1,0,1,0,0,0,0,1,0,0,0,0,0,0,0,0,0,0,0,0,0,0,1,0,0,0,1,0,1,1,0,0,0,0,0,0,1,0,0,0,1,0,0,0,1,0,0,0,0,0,0,0,0,0,0,0,1]},"gradients/graph_105layers.0.weight":{"values":[32],"bins":[0,0],"_type":"histogram"},"gradients/graph_104layers.2.weight":{"_type":"histogram","values":[1,0,1,0,0,0,1,0,0,0,0,0,0,0,0,2,0,1,0,1,1,4,8,2,4,5,3,7,6,14,16,13,7,13,9,12,17,13,8,12,5,16,8,8,3,6,5,5,3,6,4,1,1,0,0,0,0,1,0,1,0,1,0,1],"bins":[-1.4804349120822735e-05,-1.439144580217544e-05,-1.3978543393022846e-05,-1.3565640983870253e-05,-1.3152737665222958e-05,-1.2739834346575662e-05,-1.2326931937423069e-05,-1.1914029528270476e-05,-1.150112620962318e-05,-1.1088222890975885e-05,-1.0675320481823292e-05,-1.0262418072670698e-05,-9.849514754023403e-06,-9.436611435376108e-06,-9.023709026223514e-06,-8.61080661707092e-06,-8.197903298423626e-06,-7.78499997977633e-06,-7.372097570623737e-06,-6.959195161471143e-06,-6.546291842823848e-06,-6.133388524176553e-06,-5.7204861150239594e-06,-5.307583705871366e-06,-4.894680387224071e-06,-4.4817770685767755e-06,-4.068874659424182e-06,-3.6559722502715886e-06,-3.2430689316242933e-06,-2.830165612976998e-06,-2.4172632038244046e-06,-2.004360794671811e-06,-1.5914583855192177e-06,-1.1785550668719225e-06,-7.65652657719329e-07,-3.5275024856673554e-07,6.01530700805597e-08,4.7305638872785494e-07,8.859587978804484e-07,1.2988612070330419e-06,1.711764525680337e-06,2.1246678443276323e-06,2.537570253480226e-06,2.9504726626328193e-06,3.3633759812801145e-06,3.7762792999274097e-06,4.189181709080003e-06,4.6020845729799476e-06,5.014987436879892e-06,5.427890300779836e-06,5.840793164679781e-06,6.253696028579725e-06,6.666598892479669e-06,7.079501756379614e-06,7.492404620279558e-06,7.905307938926853e-06,8.318210348079447e-06,8.73111275723204e-06,9.144016075879335e-06,9.55691939452663e-06,9.969821803679224e-06,1.0382724212831818e-05,1.0795627531479113e-05,1.1208530850126408e-05,1.1621433259279002e-05]},"gradients/graph_105layers.1.bias":{"_type":"histogram","values":[16],"bins":[0,0]},"gradients/graph_104layers.0.weight":{"_type":"histogram","values":[1,1,0,1,1,0,1,1,0,1,0,0,1,1,0,0,0,0,0,0,0,0,0,0,0,1,0,0,0,1,0,1,0,0,0,0,0,0,1,0,0,0,0,0,1,0,0,0,0,0,1,0,0,0,0,0,0,0,0,0,0,0,0,1],"bins":[-5.283043719828129e-06,-4.997988071409054e-06,-4.712932422989979e-06,-4.427876774570905e-06,-4.14282112615183e-06,-3.857765477732755e-06,-3.5727098293136805e-06,-3.287654180894606e-06,-3.002598532475531e-06,-2.7175428840564564e-06,-2.4324872356373817e-06,-2.147431587218307e-06,-1.8623759387992322e-06,-1.5773202903801575e-06,-1.2922646419610828e-06,-1.007208993542008e-06,-7.221533451229334e-07,-4.370976967038587e-07,-1.5204204828478396e-07,1.3301360013429075e-07,4.1806924855336547e-07,7.031248969724402e-07,9.88180545391515e-07,1.2732361938105896e-06,1.5582918422296643e-06,1.843347490648739e-06,2.1284031390678138e-06,2.4134587874868885e-06,2.698514435905963e-06,2.983570084325038e-06,3.2686257327441126e-06,3.5536813811631873e-06,3.838737029582262e-06,4.123792678001337e-06,4.4088483264204115e-06,4.693903974839486e-06,4.978959623258561e-06,5.264015271677636e-06,5.54907092009671e-06,5.834126568515785e-06,6.11918221693486e-06,6.4042378653539345e-06,6.689293513773009e-06,6.974349162192084e-06,7.259404810611159e-06,7.544460459030233e-06,7.829516107449308e-06,8.114571755868383e-06,8.399627404287457e-06,8.684683052706532e-06,8.969738701125607e-06,9.254794349544682e-06,9.539849997963756e-06,9.824905646382831e-06,1.0109961294801906e-05,1.039501694322098e-05,1.0680072591640055e-05,1.096512824005913e-05,1.1250183888478205e-05,1.153523953689728e-05,1.1820295185316354e-05,1.2105350833735429e-05,1.2390406482154503e-05,1.2675462130573578e-05,1.2960517778992653e-05]},"gradients/graph_104layers.3.bias":{"_type":"histogram","values":[1,0,0,0,0,0,0,0,0,0,0,0,0,0,0,0,0,0,0,0,0,0,0,0,1,0,0,0,0,1,2,3,2,2,1,0,0,0,1,0,0,0,0,0,0,0,0,0,0,0,0,0,0,1,0,0,0,0,0,0,0,0,0,1],