{"_wandb":{"runtime":70},"_timestamp":1.733334670943234e+09,"Loss":9.633886293158866e-06,"_runtime":70.23527202,"Epoch":3997,"BC Loss":2.45451929004048e-07,"Data Loss":6.504247267002938e-06,"_step":3997,"PDE Loss":2.2151964003569447e-05}