{"gradients/layers.0.bias":{"bins":[0.00027064234018325806,0.000273174955509603,0.000275707570835948,0.00027824018616229296,0.0002807728014886379,0.0002833054168149829,0.00028583803214132786,0.0002883706474676728,0.0002909032627940178,0.00029343587812036276,0.0002959684934467077,0.0002985011087730527,0.00030103372409939766,0.0003035663394257426,0.0003060989547520876,0.00030863157007843256,0.0003111641854047775,0.0003136968007311225,0.00031622941605746746,0.00031876203138381243,0.0003212946467101574,0.00032382726203650236,0.00032635987736284733,0.0003288924926891923,0.00033142510801553726,0.00033395772334188223,0.0003364903386682272,0.00033902295399457216,0.00034155556932091713,0.0003440881846472621,0.00034662079997360706,0.00034915341529995203,0.000351686030626297,0.00035421864595264196,0.00035675126127898693,0.0003592838766053319,0.00036181649193167686,0.00036434910725802183,0.0003668817225843668,0.00036941433791071177,0.00037194695323705673,0.0003744795685634017,0.00037701218388974667,0.00037954479921609163,0.0003820774145424366,0.00038461002986878157,0.00038714264519512653,0.0003896752605214715,0.00039220787584781647,0.00039474049117416143,0.0003972731065005064,0.00039980572182685137,0.00040233833715319633,0.0004048709524795413,0.00040740356780588627,0.00040993618313223124,0.0004124687984585762,0.00041500141378492117,0.00041753402911126614,0.0004200666444376111,0.00042259925976395607,0.00042513187509030104,0.000427664490416646,0.00043019710574299097,0.00043272972106933594],"_type":"histogram","values":[1,0,0,0,1,0,0,0,0,0,0,0,0,0,0,0,0,0,0,0,0,0,0,0,0,0,0,0,0,0,0,0,0,0,0,0,0,0,0,0,0,0,0,0,0,0,0,0,0,0,0,0,0,0,0,0,0,0,0,0,0,0,0,1]},"gradients/layers.3.bias":{"values":[1],"bins":[0.00023766746744513512,0.00023766746744513512],"_type":"histogram"},"PDE Loss":0.006419791840016842,"gradients/layers.2.bias":{"_type":"histogram","values":[1,0,0,0,0,0,0,0,0,0,0,0,0,0,0,1,0,0,0,0,0,0,0,0,0,0,0,0,0,0,0,0,0,0,0,0,0,0,0,0,0,0,0,0,0,0,0,0,0,0,0,0,0,0,0,0,0,0,0,0,0,0,0,1],"bins":[-3.7707388401031494e-05,-3.733587800525129e-05,-3.696436760947108e-05,-3.659285721369088e-05,-3.622134681791067e-05,-3.5849836422130466e-05,-3.547832602635026e-05,-3.5106815630570054e-05,-3.473530523478985e-05,-3.436379483900964e-05,-3.399228444322944e-05,-3.362077404744923e-05,-3.3249263651669025e-05,-3.287775325588882e-05,-3.2506242860108614e-05,-3.213473246432841e-05,-3.17632220685482e-05,-3.1391711672768e-05,-3.102020127698779e-05,-3.0648690881207585e-05,-3.027718048542738e-05,-2.9905670089647174e-05,-2.9534159693866968e-05,-2.9162649298086762e-05,-2.8791138902306557e-05,-2.841962850652635e-05,-2.8048118110746145e-05,-2.767660771496594e-05,-2.7305097319185734e-05,-2.6933586923405528e-05,-2.6562076527625322e-05,-2.6190566131845117e-05,-2.581905573606491e-05,-2.5447545340284705e-05,-2.50760349445045e-05,-2.4704524548724294e-05,-2.4333014152944088e-05,-2.3961503757163882e-05,-2.3589993361383677e-05,-2.321848296560347e-05,-2.2846972569823265e-05,-2.247546217404306e-05,-2.2103951778262854e-05,-2.1732441382482648e-05,-2.1360930986702442e-05,-2.0989420590922236e-05,-2.061791019514203e-05,-2.0246399799361825e-05,-1.987488940358162e-05,-1.9503379007801414e-05,-1.9131868612021208e-05,-1.8760358216241002e-05,-1.8388847820460796e-05,-1.801733742468059e-05,-1.7645827028900385e-05,-1.727431663312018e-05,-1.6902806237339973e-05,-1.6531295841559768e-05,-1.6159785445779562e-05,-1.5788275049999356e-05,-1.541676465421915e-05,-1.5045254258438945e-05,-1.4673743862658739e-05,-1.4302233466878533e-05,-1.3930723071098328e-05]},"Loss":0.0703006461262703,"_step":5005,"gradients/layers.0.weight":{"_type":"histogram","values":[1,0,0,0,0,0,0,0,0,0,0,0,0,0,0,0,0,0,0,0,0,0,0,0,0,0,0,0,0,0,0,0,0,1,0,0,0,0,0,0,0,0,0,0,0,0,0,0,1,0,0,0,0,0,1,0,0,0,0,1,0,0,0,1],"bins":[-0.0003769025206565857,-0.00036986428312957287,-0.00036282604560256004,-0.0003557878371793777,-0.00034874959965236485,-0.000341711362125352,-0.00033467315370216966,-0.00032763491617515683,-0.000320596678648144,-0.0003135584411211312,-0.00030652020359411836,-0.000299481995170936,-0.00029244375764392316,-0.00028540552011691034,-0.00027836731169372797,-0.00027132907416671515,-0.0002642908366397023,-0.0002572525991126895,-0.00025021436158567667,-0.0002431761531624943,-0.00023613791563548148,-0.00022909967810846865,-0.00022206145513337106,-0.00021502323215827346,-0.00020798499463126063,-0.0002009467571042478,-0.0001939085341291502,-0.00018687031115405262,-0.0001798320736270398,-0.00017279383610002697,-0.00016575561312492937,-0.00015871739014983177,-0.00015167915262281895,-0.00014464091509580612,-0.00013760269212070853,-0.00013056446914561093,-0.0001235262316185981,-0.00011648799409158528,-0.00010944977111648768,-0.00010241154814139009,-9.537331061437726e-05,-8.833507308736444e-05,-8.129685011226684e-05,-7.425862713716924e-05,-6.722038961015642e-05,-6.018215208314359e-05,-5.3143929108045995e-05,-4.6105698856990784e-05,-3.9067468605935574e-05,-3.202923835488036e-05,-2.4991008103825152e-05,-1.795277785276994e-05,-1.091454760171473e-05,-3.8763173506595194e-06,3.1619129003956914e-06,1.0200143151450902e-05,1.7238373402506113e-05,2.4276603653561324e-05,3.1314833904616535e-05,3.8353064155671746e-05,4.5391294406726956e-05,5.242952465778217e-05,5.946775490883738e-05,6.650598515989259e-05,7.35442154109478e-05]},"Data Loss":0,"gradients/layers.3.weight":{"values":[2,0,0,0,0,0,0,0,0,0,0,0,0,0,0,0,0,0,0,0,0,0,0,0,0,0,0,0,0,0,0,0,0,0,0,0,0,0,0,0,0,0,0,0,0,0,0,0,0,0,0,0,0,0,0,0,0,0,0,0,0,0,0,1],"bins":[-0.00016239332035183907,-0.00015733101463411003,-0.00015226872346829623,-0.0001472064177505672,-0.0001421441265847534,-0.00013708182086702436,-0.00013201952970121056,-0.00012695722398348153,-0.00012189493281766772,-0.00011683262709993869,-0.00011177033593412489,-0.00010670803021639585,-0.00010164573177462444,-9.658343333285302e-05,-9.15211348910816e-05,-8.645883644931018e-05,-8.139653800753877e-05,-7.633423956576735e-05,-7.127194112399593e-05,-6.620964268222451e-05,-6.11473442404531e-05,-5.6085045798681676e-05,-5.102274735691026e-05,-4.596044891513884e-05,-4.089814319740981e-05,-3.5835852031596005e-05,-3.077354631386697e-05,-2.571125514805317e-05,-2.0648949430324137e-05,-1.5586658264510334e-05,-1.0524352546781301e-05,-5.462061380967498e-06,-3.997556632384658e-07,4.662550054490566e-06,9.72484122030437e-06,1.4787146938033402e-05,1.9849438103847206e-05,2.4911743821576238e-05,2.997403498739004e-05,3.5036340705119073e-05,4.009863187093288e-05,4.516093758866191e-05,5.022323603043333e-05,5.5285534472204745e-05,6.034783291397616e-05,6.541013135574758e-05,7.0472429797519e-05,7.553472823929042e-05,8.059702668106183e-05,8.565932512283325e-05,9.072162356460467e-05,9.578392200637609e-05,0.0001008462204481475,0.00010590851888991892,0.00011097082460764796,0.00011603311577346176,0.00012109542149119079,0.0001261577126570046,0.00013122001837473363,0.00013628230954054743,0.00014134461525827646,0.00014640690642409027,0.0001514692121418193,0.0001565315033076331,0.00016159380902536213],"_type":"histogram"},