{"gradients/graph_4layers.0.weight":{"values":[1,0,0,0,0,0,0,0,0,0,0,0,0,0,0,0,1,1,0,0,0,1,0,0,0,1,0,0,2,0,1,1,2,0,0,1,0,0,0,1,0,0,0,0,0,0,1,0,0,0,0,0,0,1,0,0,0,0,0,0,0,0,0,1],"bins":[-0.01909562386572361,-0.018476342782378197,-0.017857063561677933,-0.01723778247833252,-0.016618501394987106,-0.015999222174286842,-0.01537994109094143,-0.01476066093891859,-0.014141380786895752,-0.013522100634872913,-0.012902820482850075,-0.012283539399504662,-0.011664259247481823,-0.011044979095458984,-0.010425698012113571,-0.009806417860090733,-0.009187137708067894,-0.008567857556045055,-0.007948577404022217,-0.007329296320676804,-0.006710016168653965,-0.006090736016631126,-0.005471454933285713,-0.004852174781262875,-0.004232894629240036,-0.0036136144772171974,-0.002994334325194359,-0.0023750532418489456,-0.0017557721585035324,-0.0011364929378032684,-0.0005172118544578552,0.00010206736624240875,0.0007213465869426727,0.001340627670288086,0.00195990689098835,0.002579187974333763,0.003198467195034027,0.0038177482783794403,0.0044370293617248535,0.005056309513747692,0.005675589665770531,0.006294869817793369,0.006914149969816208,0.007533431053161621,0.00815271120518446,0.008771991357207298,0.009391272440552711,0.01001055259257555,0.010629832744598389,0.011249112896621227,0.011868393048644066,0.012487674131989479,0.013106954284012318,0.013726234436035156,0.01434551551938057,0.014964795671403408,0.015584075823426247,0.01620335504412651,0.016822636127471924,0.017441917210817337,0.01806119829416275,0.018680477514863014,0.019299758598208427,0.01991903781890869,0.020538318902254105],"_type":"histogram"},"gradients/graph_4layers.4.bias":{"values":[1,0,0,0,0,0,0,0,0,0,0,0,0,0,0,0,0,0,0,0,0,0,0,0,0,0,0,0,0,0,0,0,0,0,0,0,0,0,0,0,0,0,0,0,0,0,0,0,0,0,0,0,0,0,0,0,0,0,0,0,0,0,0,1],"bins":[-0.0023840386420488358,-0.002377338008955121,-0.0023706373758614063,-0.0023639367427676916,-0.002357236109673977,-0.002350535709410906,-0.002343835076317191,-0.0023371344432234764,-0.0023304338101297617,-0.002323733177036047,-0.0023170325439423323,-0.0023103319108486176,-0.0023036315105855465,-0.0022969308774918318,-0.002290230244398117,-0.0022835296113044024,-0.0022768289782106876,-0.002270128345116973,-0.002263427712023258,-0.0022567270789295435,-0.0022500264458358288,-0.0022433260455727577,-0.002236625412479043,-0.0022299247793853283,-0.0022232241462916136,-0.002216523513197899,-0.002209822880104184,-0.0022031222470104694,-0.0021964218467473984,-0.0021897212136536837,-0.002183020580559969,-0.0021763199474662542,-0.0021696193143725395,-0.002162918681278825,-0.00215621804818511,-0.0021495174150913954,-0.0021428167819976807,-0.0021361163817346096,-0.002129415748640895,-0.00212271511554718,-0.0021160144824534655,-0.0021093138493597507,-0.002102613216266036,-0.0020959125831723213,-0.0020892121829092503,-0.0020825115498155355,-0.002075810916721821,-0.002069110283628106,-0.0020624096505343914,-0.0020557090174406767,-0.002049008384346962,-0.0020423077512532473,-0.0020356071181595325,-0.0020289067178964615,-0.0020222060848027468,-0.002015505451709032,-0.0020088048186153173,-0.0020021041855216026,-0.001995403552427888,-0.001988702919334173,-0.001982002519071102,-0.0019753018859773874,-0.0019686012528836727,-0.001961900619789958,-0.0019551999866962433],"_type":"histogram"},"gradients/graph_4layers.3.bias":{"_type":"histogram","values":[2,1,0,0,0,0,0,1,0,0,0,1,0,0,0,1,0,0,0,0,1,0,1,1,0,0,0,1,0,0,0,0,1,0,0,0,0,0,0,0,1,1,0,0,0,0,0,0,0,0,0,0,1,0,0,0,0,0,0,0,0,0,0,2],"bins":[-0.0006471914239227772,-0.0006222361698746681,-0.0005972809158265591,-0.00057232566177845,-0.00054737034952268,-0.000522415095474571,-0.0004974598414264619,-0.0004725045873783529,-0.0004475493333302438,-0.0004225940501783043,-0.00039763879613019526,-0.0003726835420820862,-0.0003477282589301467,-0.00032277300488203764,-0.0002978177508339286,-0.0002728624676819891,-0.00024790721363388,-0.00022295195958577096,-0.00019799667643383145,-0.0001730414223857224,-0.00014808616833761334,-0.0001231309142895043,-9.817566024139524e-05,-7.322034798562527e-05,-4.826509393751621e-05,-2.3309839889407158e-05,1.6454141587018967e-06,2.660066820681095e-05,5.1555922254920006e-05,7.651123451068997e-05,0.00010146648855879903,0.00012642174260690808,0.00015137699665501714,0.0001763322507031262,0.00020128750475123525,0.0002262427587993443,0.00025119807105511427,0.0002761533251032233,0.0003011085791513324,0.00032606383319944143,0.0003510190872475505,0.00037597434129565954,0.0004009296535514295,0.00042588490759953856,0.0004508401616476476,0.0004757954156957567,0.0005007506697438657,0.0005257059819996357,0.0005506612360477448,0.0005756164900958538,0.0006005717441439629,0.0006255269981920719,0.000650482252240181,0.00067543750628829,0.0007003927603363991,0.0007253480143845081,0.0007503033266402781,0.0007752585806883872,0.0008002138347364962,0.0008251690887846053,0.0008501243428327143,0.0008750796550884843,0.0009000349091365933,0.0009249901631847024,0.0009499454172328115]},"gradients/graph_4layers.2.bias":{"values":[1,0,0,0,0,0,0,0,0,1,0,1,1,0,0,1,0,0,1,0,0,0,0,1,0,0,0,0,0,0,0,0,1,2,2,0,0,0,0,0,0,0,0,1,1,0,0,0,0,0,0,0,0,0,0,1,0,0,0,0,0,0,0,1],"bins":[-0.0009853855008259416,-0.0009562608320266008,-0.0009271361632272601,-0.0008980114944279194,-0.0008688868256285787,-0.0008397621568292379,-0.0008106374880298972,-0.0007815127610228956,-0.0007523880922235548,-0.0007232634234242141,-0.0006941387546248734,-0.0006650140858255327,-0.000635889417026192,-0.0006067647482268512,-0.0005776400212198496,-0.0005485153524205089,-0.0005193906836211681,-0.0004902660148218274,-0.0004611413460224867,-0.00043201667722314596,-0.00040289200842380524,-0.0003737673396244645,-0.0003446426708251238,-0.00031551800202578306,-0.00028639333322644234,-0.0002572686644271016,-0.0002281439956277609,-0.00019901926862075925,-0.00016989459982141852,-0.0001407699310220778,-0.00011164526222273707,-8.252059342339635e-05,-5.3395924624055624e-05,-2.42712558247149e-05,4.853412974625826e-06,3.397808177396655e-05,6.310275057330728e-05,9.2227419372648e-05,0.00012135214637964964,0.00015047681517899036,0.0001796014839783311,0.00020872615277767181,0.00023785082157701254,0.00026697549037635326,0.000296100159175694,0.0003252248279750347,0.00035434949677437544,0.00038347416557371616,0.00041259886347688735,0.00044172353227622807,0.0004708482010755688,0.00049997289897874,0.0005290975677780807,0.0005582222365774214,0.0005873469053767622,0.0006164715741761029,0.0006455962429754436,0.0006747209117747843,0.000703845638781786,0.0007329703075811267,0.0007620949763804674,0.0007912196451798081,0.0008203443139791489,0.0008494689827784896,0.0008785936515778303],"_type":"histogram"},"gradients/graph_4layers.0.bias":{"_type":"histogram","values":[1,0,0,0,0,0,0,0,0,0,0,0,0,0,1,1,1,1,0,0,0,1,0,0,1,1,0,0,0,0,0,0,1,0,0,1,0,0,1,1,1,0,0,0,0,1,0,0,0,0,0,0,0,0,0,1,0,0,0,0,0,0,0,1],