{"Data Loss":0.013386103324592113,"PDE Loss":0.08576184511184692,"_timestamp":1.7333334891085877e+09,"_step":29999,"BC Loss":5.371685983845964e-05,"_runtime":477.171178332,"Epoch":29999,"_wandb":{"runtime":477},"Loss":0.03306719660758972}