{"_wandb":{"runtime":12},"BC Loss":1.0062217712402344,"PDE Loss":0.39705291390419006,"_timestamp":1.7333584014358432e+09,"Epoch":0,"Data Loss":NaN,"Loss":NaN,"Solution":{"_type":"plotly-file","sha256":"95973b4fe9458e339e528411c747839437c52eefb747e17696913a0390ac7964","size":47992048,"path":"media/plotly/Solution_1_95973b4fe9458e339e52.plotly.json"},"_step":1,"_runtime":12.4610097}