{"_wandb":{"runtime":1},"_timestamp":1.7333568662760515e+09,"_runtime":1.0823626,"Loss":NaN,"_step":0,"Epoch":0,"BC Loss":0.7560842633247375,"PDE Loss":0.0021916255354881287,"Data Loss":NaN}