{"Loss":NaN,"Epoch":2,"_wandb":{"runtime":11},"BC Loss":NaN,"_runtime":11.8423998,"_timestamp":1.7333586537583778e+09,"Data Loss":NaN,"Solution":{"sha256":"95973b4fe9458e339e528411c747839437c52eefb747e17696913a0390ac7964","size":47992048,"path":"media/plotly/Solution_1_95973b4fe9458e339e52.plotly.json","_type":"plotly-file"},"PDE Loss":NaN,"_step":3}