{"_timestamp":1.7333600192674196e+09,"Loss":0.04553983733057976,"_wandb":{"runtime":87},"gradients/layers.1.bias":{"_type":"histogram","values":[1,0,0,0,0,0,0,0,0,0,0,0,0,0,0,0,0,0,0,0,0,0,1,0,0,0,0,0,0,0,0,0,0,0,0,0,0,0,0,0,0,0,0,0,0,0,0,0,0,0,0,0,0,0,0,0,0,0,0,0,0,0,0,1],"bins":[-0.00028139352798461914,-0.0002687397936824709,-0.0002560860593803227,-0.00024343232507817447,-0.00023077859077602625,-0.00021812485647387803,-0.0002054711221717298,-0.00019281738786958158,-0.00018016365356743336,-0.00016750991926528513,-0.0001548561849631369,-0.0001422024506609887,-0.00012954871635884047,-0.00011689498205669224,-0.00010424124775454402,-9.15875134523958e-05,-7.893377915024757e-05,-6.628004484809935e-05,-5.362631054595113e-05,-4.0972576243802905e-05,-2.8318841941654682e-05,-1.566510763950646e-05,-3.0113733373582363e-06,9.642360964789987e-06,2.229609526693821e-05,3.494982956908643e-05,4.7603563871234655e-05,6.025729817338288e-05,7.29110324755311e-05,8.556476677767932e-05,9.821850107982755e-05,0.00011087223538197577,0.000123525969684124,0.00013617970398627222,0.00014883343828842044,0.00016148717259056866,0.00017414090689271688,0.0001867946411948651,0.00019944837549701333,0.00021210210979916155,0.00022475584410130978,0.000237409578403458,0.0002500633127056062,0.00026271704700775445,0.00027537078130990267,0.0002880245156120509,0.0003006782499141991,0.00031333198421634734,0.00032598571851849556,0.0003386394528206438,0.000351293187122792,0.00036394692142494023,0.00037660065572708845,0.0003892543900292367,0.0004019081243313849,0.0004145618586335331,0.00042721559293568134,0.00043986932723782957,0.0004525230615399778,0.000465176795842126,0.00047783053014427423,0.0004904842935502529,0.0005031379987485707,0.0005157917039468884,0.0005284454673528671]},"Data Loss":0,"gradients/layers.3.bias":{"_type":"histogram","values":[1],"bins":[0.0005354429595172405,0.0005354429595172405]},"gradients/layers.2.bias":{"_type":"histogram","values":[1,0,0,0,0,0,0,0,0,0,0,0,0,0,0,0,0,0,0,0,0,0,0,0,0,0,0,0,0,0,0,0,0,0,0,0,0,0,0,0,0,0,0,0,0,0,0,0,0,0,0,0,0,0,0,0,0,0,0,0,0,0,1,1],"bins":[-0.00037542684003710747,-0.00036707683466374874,-0.00035872685839422047,-0.0003503768821246922,-0.0003420268767513335,-0.00033367687137797475,-0.0003253268951084465,-0.0003169769188389182,-0.0003086269134655595,-0.00030027690809220076,-0.0002919269318226725,-0.0002835769555531442,-0.0002752269501797855,-0.00026687694480642676,-0.0002585269685368985,-0.0002501769922673702,-0.0002418269868940115,-0.000233476996072568,-0.0002251270052511245,-0.000216777014429681,-0.0002084270236082375,-0.000200077032786794,-0.0001917270419653505,-0.000183377051143907,-0.0001750270603224635,-0.00016667706950102001,-0.00015832707867957652,-0.00014997708785813302,-0.00014162709703668952,-0.00013327710621524602,-0.00012492711539380252,-0.00011657713912427425,-0.00010822713375091553,-9.98771283775568e-05,-9.152715210802853e-05,-8.317716128658503e-05,-7.482717046514153e-05,-6.647717964369804e-05,-5.812718882225454e-05,-4.977719800081104e-05,-4.142720717936754e-05,-3.3077216357924044e-05,-2.4727225536480546e-05,-1.6377234715037048e-05,-8.02724389359355e-06,3.227469278499484e-07,8.672737749293447e-06,1.7022728570736945e-05,2.5372719392180443e-05,3.372271021362394e-05,4.207270103506744e-05,5.042269185651094e-05,5.8772682677954435e-05,6.712267349939793e-05,7.547266432084143e-05,8.382265514228493e-05,9.217264596372843e-05,0.00010052263678517193,0.00010887262760661542,0.00011722261842805892,0.00012557260924950242,0.00013392260007094592,0.00014227259089238942,0.00015062258171383291,0.0001589725725352764]},"Epoch":4999,"BC Loss":0.13019977509975433,"Solution":{"path":"media/plotly/Solution_4005_5f1c28361275d1022b53.plotly.json","_type":"plotly-file","sha256":"5f1c28361275d1022b530472cfee2f0eef37cb1528554858807dca6040534e52","size":23066128},"PDE Loss":0.006419767625629902,"gradients/layers.0.weight":{"_type":"histogram","values":[1,0,0,0,0,0,0,0,0,0,0,0,0,0,0,0,0,1,0,0,0,1,0,0,0,0,0,0,0,0,0,0,0,0,0,0,0,0,0,0,0,0,0,0,0,0,1,1,0,0,0,0,0,0,0,0,0,0,0,0,0,0,0,1],"bins":[-9.661726653575897e-05,-9.396831592312083e-05,-9.13193725864403e-05,-8.867042197380215e-05,-8.602147863712162e-05,-8.337252802448347e-05,-8.072357741184533e-05,-7.80746340751648e-05,-7.542569073848426e-05,-7.277674012584612e-05,-7.012778951320797e-05,-6.747884617652744e-05,-6.48298955638893e-05,-6.218094495125115e-05,-5.953200161457062e-05,-5.688305463991128e-05,-5.423410766525194e-05,-5.15851606905926e-05,-4.893621371593326e-05,-4.6287266741273925e-05,-4.3638319766614586e-05,-4.098936915397644e-05,-3.83404221793171e-05,-3.569147520465776e-05,-3.304252459201962e-05,-3.0393581255339086e-05,-2.774463064270094e-05,-2.509568730602041e-05,-2.2446736693382263e-05,-1.979779335670173e-05,-1.7148842744063586e-05,-1.4499899407383054e-05,-1.1850948794744909e-05,-9.201998182106763e-06,-6.553054845426232e-06,-3.904104232788086e-06,-1.2551608961075544e-06,1.3937897165305912e-06,4.042733053211123e-06,6.6916836658492684e-06,9.3406270025298e-06,1.1989577615167946e-05,1.4638524589827284e-05,1.7287471564486623e-05,1.993642217712477e-05,2.2585369151784107e-05,2.5234316126443446e-05,2.7883263101102784e-05,3.053221007576212e-05,3.318115705042146e-05,3.58301040250808e-05,3.847905099974014e-05,4.112799797439948e-05,4.377694858703762e-05,4.642589556169696e-05,4.90748425363563e-05,5.172378951101564e-05,5.437273648567498e-05,5.7021683460334316e-05,5.9670630434993654e-05,6.23195810476318e-05,6.496852438431233e-05,6.761747499695048e-05,7.026641833363101e-05,7.291536894626915e-05]},"_step":5005,"_runtime":87.8383682,"gradients/layers.1.weight":{"_type":"histogram","values":[1,0,0,0,0,0,1,0,0,0,0,0,0,0,0,0,1,0,1,0,0,0,0,0,0,0,1,0,0,1,0,0,0,0,0,0,0,0,0,0,0,0,0,0,0,0,2,0,0,0,0,0,0,0,0,0,0,0,0,0,0,0,0,1],"bins":[-0.00017339452460873872,-0.0001674870291026309,-0.0001615795335965231,-0.0001556720380904153,-0.0001497645425843075,-0.00014385704707819968,-0.0001379495661240071,-0.0001320420706178993,-0.0001261345751117915,-0.00012022707232972607,-0.00011431957682361826,-0.00010841208131751046,-0.00010250459308736026,-9.659709758125246e-05,-9.068960207514465e-05,-8.478210656903684e-05,-7.887461106292903e-05,-7.296711555682123e-05,-6.705962005071342e-05,-6.115212454460561e-05,-5.5244629038497806e-05,-4.933713353239e-05,-4.342963802628219e-05,-3.7522142520174384e-05,-3.1614661565981805e-05,-2.5707166059873998e-05,-1.979967055376619e-05,-1.3892175047658384e-05,-7.984679541550577e-06,-2.0771840354427695e-06,3.830311470665038e-06,9.737806976772845e-06,1.564531703479588e-05,2.1552812540903687e-05,2.7460308047011495e-05,3.33678035531193e-05,3.927529905922711e-05,4.5182794565334916e-05,5.109029007144272e-05,5.699778557755053e-05,6.290528108365834e-05,6.881276203785092e-05,7.472025754395872e-05,8.062775305006653e-05,8.653524855617434e-05,9.244274406228215e-05,9.835023956838995e-05,0.00010425773507449776,0.00011016523058060557,0.00011607272608671337,0.00012198022159282118,0.000127887717098929,0.0001337952126050368,0.00013970269355922937,0.00014561018906533718,0.000151517684571445,0.0001574251800775528,0.0001633326755836606,0.0001692401710897684,0.00017514766659587622,0.00018105516210198402,0.00018696265760809183,0.00019287015311419964,0.00019877764862030745,0.00020468514412641525]},"gradients/layers.3.weight":{"_type":"histogram","values":[1,0,0,0,0,0,0,0,0,0,0,0,0,0,0,0,0,0,0,0,0,0,0,0,0,0,0,0,0,0,0,0,0,0,0,0,0,0,0,0,0,0,0,0,0,0,1,0,0,0,0,0,0,0,0,0,0,0,0,0,0,0,0,1],