{"BC Loss":0.0001330513769062236,"PDE Loss":0.07571505010128021,"_wandb":{"runtime":452},"_runtime":452.754664537,"Data Loss":0.11545021831989288,"Epoch":29999,"_timestamp":1.7333320719765983e+09,"Loss":0.06376610696315765,"_step":29999}