{"Epoch":2454,"Loss":9.283859071729239e-06,"_wandb":{"runtime":44},"Data Loss":4.122322934563272e-06,"_runtime":44.633161628,"_timestamp":1.7333347229804134e+09,"PDE Loss":2.3218772184918635e-05,"BC Loss":5.10485335780686e-07,"_step":2454}