{"_timestamp":1.7333604280038679e+09,"gradients/layers.2.bias":{"values":[1,0,0,0,0,0,0,0,0,0,0,0,0,0,0,0,0,0,0,0,0,0,0,0,0,0,0,0,0,0,0,0,0,0,0,0,0,0,0,0,0,0,0,0,0,0,0,0,0,0,0,0,0,0,0,0,0,0,0,1,0,0,0,1],"bins":[-0.0009331053588539362,-0.0009215570753440261,-0.000910008791834116,-0.0008984605083242059,-0.0008869122248142958,-0.0008753638830967247,-0.0008638155995868146,-0.0008522673160769045,-0.0008407190325669944,-0.0008291707490570843,-0.0008176224655471742,-0.0008060741238296032,-0.0007945258403196931,-0.000782977556809783,-0.0007714292732998729,-0.0007598809897899628,-0.0007483327062800527,-0.0007367844227701426,-0.0007252361392602324,-0.0007136878557503223,-0.0007021395722404122,-0.0006905912887305021,-0.0006790429470129311,-0.000667494663503021,-0.0006559463799931109,-0.0006443980964832008,-0.0006328498129732907,-0.0006213014712557197,-0.0006097531877458096,-0.0005982049042358994,-0.0005866566207259893,-0.0005751083372160792,-0.0005635600537061691,-0.000552011770196259,-0.0005404634866863489,-0.0005289152031764388,-0.0005173669196665287,-0.0005058186361566186,-0.0004942702944390476,-0.00048272201092913747,-0.00047117372741922736,-0.00045962544390931726,-0.00044807716039940715,-0.0004365288477856666,-0.0004249805642757565,-0.00041343228076584637,-0.0004018839681521058,-0.0003903356846421957,-0.0003787874011322856,-0.0003672391176223755,-0.0003556908341124654,-0.0003441425214987248,-0.0003325942379888147,-0.0003210459544789046,-0.00030949764186516404,-0.00029794935835525393,-0.00028640107484534383,-0.0002748527913354337,-0.0002633045078255236,-0.00025175619521178305,-0.00024020791170187294,-0.00022865962819196284,-0.0002171113301301375,-0.00020556303206831217,-0.00019401474855840206],"_type":"histogram"},"gradients/layers.3.weight":{"bins":[-0.0014646295458078384,-0.0014137906255200505,-0.0013629517052322626,-0.0013121127849444747,-0.0012612738646566868,-0.0012104349443688989,-0.001159596024081111,-0.001108757103793323,-0.0010579181835055351,-0.0010070792632177472,-0.0009562403429299593,-0.0009054014226421714,-0.0008545625023543835,-0.0008037235820665956,-0.0007528846617788076,-0.0007020457414910197,-0.0006512068212032318,-0.0006003679009154439,-0.000549528980627656,-0.0004986900603398681,-0.00044785114005208015,-0.00039701221976429224,-0.0003461732994765043,-0.0002953343791887164,-0.0002444954589009285,-0.00019365653861314058,-0.00014281761832535267,-9.197869803756475e-05,-4.113977774977684e-05,9.699142538011074e-06,6.053806282579899e-05,0.0001113769831135869,0.00016221590340137482,0.00021305482368916273,0.00026389374397695065,0.00031473266426473856,0.0003655715845525265,0.0004164105048403144,0.0004672494251281023,0.0005180883454158902,0.0005689272657036781,0.000619766185991466,0.000670605106279254,0.0007214440265670419,0.0007722829468548298,0.0008231218671426177,0.0008739607874304056,0.0009247997077181935,0.0009756386280059814,0.0010264775482937694,0.0010773164685815573,0.0011281553888693452,0.001178994309157133,0.001229833229444921,0.001280672149732709,0.0013315110700204968,0.0013823499903082848,0.0014331889105960727,0.0014840278308838606,0.0015348667511716485,0.0015857056714594364,0.0016365445917472243,0.0016873835120350122,0.0017382224323228002,0.001789061352610588],"_type":"histogram","values":[1,0,0,0,0,0,0,0,0,0,0,0,0,0,0,0,0,0,0,0,0,0,0,0,0,0,0,0,0,0,0,0,0,0,0,0,0,0,0,0,0,0,0,0,0,0,0,0,1,0,0,0,0,0,0,0,0,0,0,0,0,0,0,1]},"gradients/layers.1.bias":{"_type":"histogram","values":[1,0,0,0,0,0,0,0,0,0,0,0,0,0,0,0,0,0,0,0,0,0,0,0,0,0,0,0,0,0,0,0,0,0,1,0,0,0,0,0,0,0,0,0,0,0,0,0,0,0,0,0,0,0,0,0,0,0,0,0,0,0,0,1],"bins":[-0.000357790500856936,-0.0003400616114959121,-0.00032233272213488817,-0.00030460383277386427,-0.0002868749725166708,-0.0002691460831556469,-0.000251417193794623,-0.00023368831898551434,-0.00021595942962449044,-0.00019823054026346654,-0.00018050166545435786,-0.00016277277609333396,-0.00014504388673231006,-0.00012731501192320138,-0.00010958613711409271,-9.18572477530688e-05,-7.41283583920449e-05,-5.6399469031021e-05,-3.8670579669997096e-05,-2.094171941280365e-05,-3.212830051779747e-06,1.4516059309244156e-05,3.224494867026806e-05,4.997383803129196e-05,6.770272739231586e-05,8.543158764950931e-05,0.00010316047701053321,0.00012088936637155712,0.00013861822662875056,0.00015634711598977447,0.00017407600535079837,0.00019180489471182227,0.00020953378407284617,0.00022726267343387008,0.000244991562794894,0.0002627204521559179,0.0002804493415169418,0.00029817820177413523,0.00031590709113515913,0.00033363598049618304,0.0003513648407533765,0.0003690937301144004,0.0003868226194754243,0.0004045515088364482,0.0004222803981974721,0.000440009287558496,0.00045773814781568944,0.00047546703717671335,0.0004931959556415677,0.0005109248450025916,0.0005286537343636155,0.0005463825655169785,0.0005641114548780024,0.0005818403442390263,0.0005995692336000502,0.0006172981229610741,0.000635027012322098,0.0006527559016831219,0.0006704847328364849,0.0006882136221975088,0.0007059425115585327,0.0007236714009195566,0.0007414002902805805,0.0007591291796416044,0.0007768580690026283]},"gradients/layers.3.bias":{"_type":"histogram","values":[1],"bins":[0.0014595618704333901,0.0014595618704333901]},"gradients/layers.1.weight":{"_type":"histogram","values":[1,0,0,0,0,0,0,0,0,0,0,0,0,0,0,0,0,0,1,0,0,0,0,0,0,0,0,0,1,0,0,0,0,0,0,0,0,0,0,0,0,0,0,0,1,0,0,1,0,0,0,1,0,0,0,0,0,0,1,0,1,0,0,1],"bins":[-0.005988060496747494,-0.005874008871614933,-0.005759957246482372,-0.005645906087011099,-0.005531854461878538,-0.005417802836745977,-0.005303751211613417,-0.005189699586480856,-0.0050756484270095825,-0.004961596801877022,-0.004847545176744461,-0.0047334935516119,-0.00461944192647934,-0.004505390301346779,-0.004391338676214218,-0.004277287516742945,-0.004163235891610384,-0.004049184266477823,-0.00393513310700655,-0.0038210812490433455,-0.0037070298567414284,-0.0035929782316088676,-0.003478926606476307,-0.00336487521417439,-0.003250823589041829,-0.0031367719639092684,-0.0030227205716073513,-0.0029086689464747906,-0.00279461732134223,-0.0026805659290403128,-0.002566514303907752,-0.002452462911605835,-0.0023384112864732742,-0.0022243596613407135,-0.0021103082690387964,-0.0019962566439062357,-0.0018822052516043186,-0.0017681536264717579,-0.0016541020013391972,-0.00154005060903728,-0.0014259989839047194,-0.0013119473587721586,-0.0011978959664702415,-0.0010838443413376808,-0.0009697927162051201,-0.000855741323903203,-0.0007416896987706423,-0.0006276381900534034,-0.0005135866813361645,-0.00039953517261892557,-0.00028548366390168667,-0.00017143203876912594,-5.7380530051887035e-05,5.667097866535187e-05,0.0001707226037979126,0.0002847741125151515,0.0003988256212323904,0.0005128771299496293,0.0006269286968745291,0.0007409802637994289,0.0008550317725166678,0.0009690832812339067,0.0010831349063664675,0.0011971864150837064,0.0013112379238009453]},"Epoch":2098,"BC Loss":0.23285096883773804,"_wandb":{"runtime":34},"PDE Loss":0.002301166532561183,"gradients/layers.0.bias":{"_type":"histogram","values":[1,0,0,0,0,0,0,0,0,0,0,0,0,0,0,0,0,0,0,0,0,0,0,0,0,0,0,0,0,1,0,0,0,0,0,0,0,0,0,0,0,0,0,0,0,0,0,0,0,0,0,0,0,0,0,0,0,0,0,0,0,0,0,1],