{"PDE Loss":0.08544720709323883,"_timestamp":1.7333338265689745e+09,"_runtime":242.6577692,"_step":29999,"Loss":0.03274330869317055,"BC Loss":8.856254862621427e-05,"_wandb":{"runtime":242},"Epoch":29999,"Data Loss":0.012695101089775562}