{"gradients/graph_65layers.3.bias":{"values":[16],"bins":[0,0],"_type":"histogram"},"_timestamp":1.7333547405295186e+09,"gradients/graph_64layers.3.bias":{"_type":"histogram","values":[1,0,0,1,0,0,0,0,0,0,1,0,0,0,0,0,0,0,0,0,0,0,0,0,0,0,0,0,0,0,0,1,0,1,0,6,2,0,1,0,0,0,0,0,0,0,1,0,0,0,0,0,0,0,0,0,0,0,0,0,0,0,0,1],"bins":[-2.7529895305633545e-05,-2.67629002337344e-05,-2.5995906980824657e-05,-2.5228913727914914e-05,-2.446191865601577e-05,-2.3694923584116623e-05,-2.292793033120688e-05,-2.2160937078297138e-05,-2.1393942006397992e-05,-2.0626946934498847e-05,-1.9859953681589104e-05,-1.9092960428679362e-05,-1.8325965356780216e-05,-1.755897028488107e-05,-1.6791977031971328e-05,-1.6024983779061586e-05,-1.525798870716244e-05,-1.4490994544757996e-05,-1.3724000382353552e-05,-1.2957006219949108e-05,-1.2190012057544664e-05,-1.1423016985645518e-05,-1.0656023732735775e-05,-9.889030479826033e-06,-9.122035407926887e-06,-8.355040336027741e-06,-7.588047083117999e-06,-6.821053830208257e-06,-6.054058758309111e-06,-5.287063686409965e-06,-4.520070433500223e-06,-3.7530771805904806e-06,-2.9860821086913347e-06,-2.219087036792189e-06,-1.4520937838824466e-06,-6.851005309727043e-07,8.189454092644155e-08,8.488896128255874e-07,1.6158828657353297e-06,2.382876118645072e-06,3.149871190544218e-06,3.916866262443364e-06,4.683859515353106e-06,5.450852768262848e-06,6.217847840161994e-06,6.984842002566438e-06,7.751836164970882e-06,8.518830327375326e-06,9.28582448977977e-06,1.0052818652184214e-05,1.0819812814588659e-05,1.1586806976993103e-05,1.2353801139397547e-05,1.312079530180199e-05,1.3887789464206435e-05,1.4654783626610879e-05,1.5421777789015323e-05,1.618877286091447e-05,1.695576611382421e-05,1.7722759366733953e-05,1.84897544386331e-05,1.9256749510532245e-05,2.0023742763441987e-05,2.079073601635173e-05,2.1557731088250875e-05]},"Loss":0.03310614451766014,"gradients/graph_64layers.1.weight":{"_type":"histogram","values":[1,1,0,0,0,1,0,2,1,0,0,0,0,0,1,1,0,0,1,1,1,1,3,0,0,2,2,3,6,8,7,11,10,19,28,29,25,27,10,14,6,3,10,6,1,3,0,0,2,2,0,0,1,0,0,1,1,0,0,0,0,1,1,2],"bins":[-4.9400521675124764e-05,-4.801579052582383e-05,-4.66310593765229e-05,-4.5246328227221966e-05,-4.386159707792103e-05,-4.24768659286201e-05,-4.109213477931917e-05,-3.9707403630018234e-05,-3.83226724807173e-05,-3.693794133141637e-05,-3.5553210182115436e-05,-3.41684790328145e-05,-3.278374788351357e-05,-3.139901673421264e-05,-3.0014285584911704e-05,-2.862955443561077e-05,-2.7244823286309838e-05,-2.5860092137008905e-05,-2.4475360987707973e-05,-2.309062983840704e-05,-2.1705898689106107e-05,-2.0321167539805174e-05,-1.893643639050424e-05,-1.7551705241203308e-05,-1.6166974091902375e-05,-1.4782242942601442e-05,-1.339751179330051e-05,-1.2012780643999577e-05,-1.0628049494698644e-05,-9.24331834539771e-06,-7.858587196096778e-06,-6.473856046795845e-06,-5.089124897494912e-06,-3.7043937481939793e-06,-2.3196625988930464e-06,-9.349314495921135e-07,4.497996997088194e-07,1.8345308490097523e-06,3.219261998310685e-06,4.603993147611618e-06,5.988724296912551e-06,7.373455446213484e-06,8.758186595514417e-06,1.014291774481535e-05,1.1527648894116282e-05,1.2912380043417215e-05,1.4297111192718148e-05,1.568184234201908e-05,1.7066573491320014e-05,1.8451304640620947e-05,1.983603578992188e-05,2.1220766939222813e-05,2.2605498088523746e-05,2.399022923782468e-05,2.537496038712561e-05,2.6759691536426544e-05,2.8144422685727477e-05,2.952915383502841e-05,3.091388498432934e-05,3.2298616133630276e-05,3.368334728293121e-05,3.506807843223214e-05,3.6452809581533074e-05,3.783754073083401e-05,3.922227188013494e-05]},"gradients/graph_64layers.4.weight":{"bins":[-3.6680372431874275e-05,-3.542527701938525e-05,-3.417018524487503e-05,-3.291509347036481e-05,-3.165999805787578e-05,-3.040490446437616e-05,-2.9149810870876536e-05,-2.7894717277376913e-05,-2.663962368387729e-05,-2.5384530090377666e-05,-2.4129436496878043e-05,-2.287434290337842e-05,-2.1619249309878796e-05,-2.0364155716379173e-05,-1.910906212287955e-05,-1.7853968529379927e-05,-1.6598874935880303e-05,-1.534378134238068e-05,-1.4088687748881057e-05,-1.2833594155381434e-05,-1.157850056188181e-05,-1.0323406968382187e-05,-9.068313374882564e-06,-7.81321978138294e-06,-6.5581261878833175e-06,-5.303030775394291e-06,-4.047939000884071e-06,-2.7928472263738513e-06,-1.5377518138848245e-06,-2.8265640139579773e-07,9.72435373114422e-07,2.2275271476246417e-06,3.4826225601136684e-06,4.737717972602695e-06,5.992809747112915e-06,7.247901521623135e-06,8.502996934112161e-06,9.758092346601188e-06,1.1013184121111408e-05,1.2268275895621628e-05,1.3523371308110654e-05,1.4778464901610278e-05,1.60335584951099e-05,1.7288652088609524e-05,1.8543745682109147e-05,1.979883927560877e-05,2.1053932869108394e-05,2.2309026462608017e-05,2.356412005610764e-05,2.4819213649607264e-05,2.6074307243106887e-05,2.732940083660651e-05,2.8584494430106133e-05,2.9839588023605756e-05,3.109468161710538e-05,3.23497733916156e-05,3.3604868804104626e-05,3.485996421659365e-05,3.611505599110387e-05,3.737014776561409e-05,3.862524317810312e-05,3.9880338590592146e-05,4.1135430365102366e-05,4.2390522139612585e-05,4.364561755210161e-05],"_type":"histogram","values":[2,0,1,0,2,1,0,1,1,0,1,0,0,0,1,0,1,0,0,1,2,1,0,0,0,0,0,0,1,0,1,1,0,1,0,0,0,2,1,0,0,2,1,0,0,0,0,1,1,0,0,0,1,1,0,0,0,0,1,0,0,0,0,2]},"gradients/graph_64layers.0.weight":{"bins":[-2.789776772260666e-05,-2.7060192223871127e-05,-2.6222616725135595e-05,-2.5385041226400062e-05,-2.454746572766453e-05,-2.3709890228928998e-05,-2.2872314730193466e-05,-2.2034739231457934e-05,-2.11971637327224e-05,-2.035958823398687e-05,-1.9522012735251337e-05,-1.8684437236515805e-05,-1.7846861737780273e-05,-1.700928623904474e-05,-1.617171074030921e-05,-1.5334135241573676e-05,-1.4496559742838144e-05,-1.3658984244102612e-05,-1.282140874536708e-05,-1.1983833246631548e-05,-1.1146257747896016e-05,-1.0308682249160483e-05,-9.471106750424951e-06,-8.633531251689419e-06,-7.795955752953887e-06,-6.958380254218355e-06,-6.120804755482823e-06,-5.2832292567472905e-06,-4.445653758011758e-06,-3.608078259276226e-06,-2.770502760540694e-06,-1.932927261805162e-06,-1.0953517630696297e-06,-2.577762643340975e-07,5.797992344014347e-07,1.4173747331369668e-06,2.254950231872499e-06,3.092525730608031e-06,3.930101229343563e-06,4.7676767280790955e-06,5.605252226814628e-06,6.44282772555016e-06,7.280403224285692e-06,8.117978723021224e-06,8.955554221756756e-06,9.793129720492288e-06,1.063070521922782e-05,1.1468280717963353e-05,1.2305856216698885e-05,1.3143431715434417e-05,1.398100721416995e-05,1.4818582712905481e-05,1.5656158211641014e-05,1.6493733710376546e-05,1.7331309209112078e-05,1.816888470784761e-05,1.9006460206583142e-05,1.9844035705318674e-05,2.0681611204054207e-05,2.151918670278974e-05,2.235676220152527e-05,2.3194337700260803e-05,2.4031913198996335e-05,2.4869488697731867e-05,2.57070641964674e-05],"_type":"histogram","values":[1,0,0,0,0,0,0,0,0,0,0,0,0,0,0,1,0,1,0,0,0,1,0,0,0,1,1,0,1,1,1,0,1,0,0,0,1,0,0,0,0,2,0,0,0,0,0,0,1,0,0,0,0,1,0,0,0,0,0,0,0,0,0,1]},"gradients/graph_64layers.0.bias":{"values":[1,1,0,0,0,2,0,0,0,1,0,1,0,3,0,0,0,0,1,0,0,0,0,1,0,0,0,0,0,0,0,0,0,0,1,0,0,0,0,0,0,0,2,0,0,0,0,0,0,0,0,0,0,0,0,0,0,0,0,0,0,0,1,1],