{"_timestamp":1.733334596926225e+09,"BC Loss":2.5963413463614415e-07,"_step":5596,"_runtime":94.444947604,"Data Loss":5.025734481023392e-06,"Loss":9.90598346106708e-06,"PDE Loss":2.443258199491538e-05,"_wandb":{"runtime":94},"Epoch":5596}