{"_runtime":132.2400024,"Epoch":20111,"BC Loss":1.539708733844236e-07,"Data Loss":6.1063060456945095e-06,"_timestamp":1.7333339628536339e+09,"PDE Loss":2.372295784880407e-05,"_wandb":{"runtime":132},"_step":20111,"Loss":9.994411811931059e-06}