{"PDE Loss":0.08539680391550064,"_wandb":{"runtime":288},"_step":29999,"Loss":0.033074237406253815,"Data Loss":0.01377443689852953,"_timestamp":1.7333333948244753e+09,"_runtime":288.4404808,"BC Loss":5.6571610912214965e-05,"Epoch":29999}