{"gradients/graph_14layers.0.weight":{"_type":"histogram","values":[1,0,0,0,2,0,0,0,0,1,0,0,0,0,1,0,0,0,0,0,0,1,0,0,0,0,0,0,0,1,0,0,0,0,1,1,1,0,0,0,0,0,1,1,1,0,0,0,0,0,0,0,0,0,2,0,0,0,0,0,0,0,0,1],"bins":[-0.00017915433272719383,-0.00017512419435661286,-0.0001710940559860319,-0.00016706393216736615,-0.00016303379379678518,-0.0001590036554262042,-0.00015497353160753846,-0.0001509433932369575,-0.00014691325486637652,-0.00014288311649579555,-0.00013885297812521458,-0.00013482285430654883,-0.00013079271593596786,-0.0001267625775653869,-0.00012273245374672115,-0.00011870231537614018,-0.0001146721770055592,-0.00011064203863497823,-0.00010661190754035488,-0.00010258177644573152,-9.855163807515055e-05,-9.452149970456958e-05,-9.049136860994622e-05,-8.646123751532286e-05,-8.243109914474189e-05,-7.840096077416092e-05,-7.437082967953756e-05,-7.034069858491421e-05,-6.631056021433324e-05,-6.228042184375226e-05,-5.825029074912891e-05,-5.422015965450555e-05,-5.019002128392458e-05,-4.615988291334361e-05,-4.212975181872025e-05,-3.8099620724096894e-05,-3.406948235351592e-05,-3.0039343982934952e-05,-2.6009212888311595e-05,-2.1979081793688238e-05,-1.7948943423107266e-05,-1.3918805052526295e-05,-9.888673957902938e-06,-5.858542863279581e-06,-1.8284044926986098e-06,2.2017338778823614e-06,6.2318649725057185e-06,1.0261996067129076e-05,1.4292134437710047e-05,1.832226917031221e-05,2.2352403902914375e-05,2.638253863551654e-05,3.0412673368118703e-05,3.444280810072087e-05,3.847294283332303e-05,4.2503077565925196e-05,4.653321229852736e-05,5.0563347031129524e-05,5.459348176373169e-05,5.862361649633385e-05,6.265375122893602e-05,6.668388959951699e-05,7.071402069414034e-05,7.47441517887637e-05,7.877429015934467e-05]},"gradients/graph_15layers.0.bias":{"_type":"histogram","values":[16],"bins":[0,0]},"gradients/graph_15layers.4.weight":{"_type":"histogram","values":[32],"bins":[0,0]},"Epoch":9999,"gradients/graph_15layers.1.bias":{"bins":[0,0],"_type":"histogram","values":[16]},"gradients/graph_14layers.2.bias":{"values":[1,0,0,0,0,0,0,0,0,0,0,0,0,0,0,0,0,0,0,0,0,0,0,0,0,0,0,0,0,0,0,1,0,0,0,0,1,0,0,0,1,0,0,0,0,0,0,1,0,1,3,0,0,0,0,3,2,1,0,0,0,0,0,1],"bins":[-0.00030455412343144417,-0.00029832005384378135,-0.000292086013359949,-0.0002858519437722862,-0.0002796179032884538,-0.000273383833700791,-0.0002671497641131282,-0.0002609157236292958,-0.000254681654041633,-0.00024844761355780065,-0.00024221354397013783,-0.00023597948893439025,-0.00022974543389864266,-0.00022351136431097984,-0.00021727732382714748,-0.00021104325423948467,-0.00020480919920373708,-0.0001985751441679895,-0.00019234107458032668,-0.00018610703409649432,-0.0001798729645088315,-0.0001736389094730839,-0.00016740485443733633,-0.00016117079940158874,-0.00015493674436584115,-0.00014870267477817833,-0.00014246861974243075,-0.00013623456470668316,-0.00013000050967093557,-0.00012376645463518798,-0.00011753238504752517,-0.00011129833001177758,-0.00010506427497602999,-9.88302199402824e-05,-9.259616490453482e-05,-8.6362095316872e-05,-8.012804028112441e-05,-7.389398524537683e-05,-6.765993020962924e-05,-6.142587517388165e-05,-5.5191805586218834e-05,-4.8957750550471246e-05,-4.272369551472366e-05,-3.648964047897607e-05,-3.0255585443228483e-05,-2.402152313152328e-05,-1.7787468095775694e-05,-1.1553405784070492e-05,-5.319350748322904e-06,9.147042874246836e-07,7.1487665991298854e-06,1.3382821634877473e-05,1.9616883946582675e-05,2.5850938982330263e-05,3.208499401807785e-05,3.8319052691804245e-05,4.455311136553064e-05,5.0787170039257035e-05,5.702122871298343e-05,6.325528374873102e-05,6.94893387844786e-05,7.57234010961838e-05,8.19574561319314e-05,8.81915184436366e-05,9.442557347938418e-05],"_type":"histogram"},"gradients/graph_14layers.0.bias":{"values":[1,0,0,0,0,1,0,0,0,1,1,0,0,0,0,0,1,0,0,1,2,0,0,1,1,1,0,0,0,0,0,0,0,0,0,0,0,0,0,1,0,0,0,0,0,0,1,0,0,0,0,0,1,0,0,0,1,0,0,0,0,0,0,1],"bins":[-0.0015637839678674936,-0.001518827397376299,-0.001473870943300426,-0.0014289143728092313,-0.0013839579187333584,-0.0013390013482421637,-0.001294044777750969,-0.001249088323675096,-0.0012041318695992231,-0.0011591752991080284,-0.0011142187286168337,-0.0010692622745409608,-0.001024305704049766,-0.0009793492499738932,-0.0009343926794826984,-0.0008894361671991646,-0.0008444796549156308,-0.000799523142632097,-0.0007545666303485632,-0.0007096101180650294,-0.0006646536057814956,-0.0006196970352903008,-0.000574740581214428,-0.0005297840107232332,-0.0004848274402320385,-0.0004398709861561656,-0.0003949144156649709,-0.000349957961589098,-0.00030500139109790325,-0.00026004493702203035,-0.00021508836653083563,-0.00017013191245496273,-0.000125175341963768,-8.021877147257328e-05,-3.526231739670038e-05,9.694253094494343e-06,5.465070717036724e-05,9.960727766156197e-05,0.00014456373173743486,0.0001895203022286296,0.0002344767563045025,0.0002794333267956972,0.00032438989728689194,0.00036934635136276484,0.00041430292185395956,0.00045925943413749337,0.0005042159464210272,0.000549172458704561,0.0005941289709880948,0.0006390854832716286,0.0006840419955551624,0.0007289985078386962,0.00077395502012223,0.0008189115906134248,0.0008638681028969586,0.0009088246151804924,0.0009537811274640262,0.00099873763974756,0.001043694093823433,0.0010886506643146276,0.0011336072348058224,0.0011785636888816953,0.00122352025937289,0.001268476713448763,0.0013134332839399576],"_type":"histogram"},"gradients/graph_15layers.4.bias":{"values":[2],"bins":[0,0],"_type":"histogram"},"gradients/graph_14layers.1.bias":{"values":[1,0,0,0,0,0,0,0,0,0,0,1,0,0,0,0,0,2,0,0,0,0,1,1,0,2,0,0,0,0,0,1,1,1,0,0,0,0,0,0,0,0,2,0,0,0,0,0,0,0,1,0,0,0,0,0,0,0,1,0,0,0,0,1],"bins":[-0.0004970549489371479,-0.0004831904952879995,-0.00046932604163885117,-0.00045546155888587236,-0.000441597105236724,-0.0004277326515875757,-0.00041386816883459687,-0.00040000371518544853,-0.0003861392615363002,-0.00037227480788715184,-0.0003584103542380035,-0.0003445458714850247,-0.00033068141783587635,-0.000316816964186728,-0.0003029524814337492,-0.00028908802778460085,-0.0002752235741354525,-0.00026135912048630416,-0.0002474946668371558,-0.00023363018408417702,-0.00021976573043502867,-0.00020590127678588033,-0.00019203679403290153,-0.00017817234038375318,-0.00016430788673460484,-0.0001504434330854565,-0.00013657897943630815,-0.00012271449668332934,-0.000108850043034181,-9.498558938503265e-05,-8.112110663205385e-05,-6.725665298290551e-05,-5.339219933375716e-05,-3.952774568460882e-05,-2.5663292035460472e-05,-1.179880928248167e-05,2.0656443666666746e-06,1.593009801581502e-05,2.979458076879382e-05,4.3659034417942166e-05,5.752348806709051e-05,7.138794171623886e-05,8.52523953653872e-05,9.9116878118366e-05,0.00011298133176751435,0.0001268457854166627,0.0001407102681696415,0.00015457472181878984,0.00016843917546793818,0.00018230362911708653,0.0001961680973181501,0.00021003256551921368,0.00022389701916836202,0.00023776147281751037,0.00025162595557048917,0.0002654904092196375,0.00027935486286878586,0.0002932193165179342,0.00030708377016708255,0.00032094825292006135,0.0003348127065692097,0.00034867716021835804,0.00036254164297133684,0.0003764060966204852,0.00039027055026963353],"_type":"histogram"},"gradients/graph_14layers.4.bias":{"_type":"histogram","values":[1,0,0,0,0,0,0,0,0,0,0,0,0,0,0,0,0,0,0,0,0,0,0,0,0,0,0,0,0,0,0,0,0,0,0,0,0,0,0,0,0,0,0,0,0,0,0,0,0,0,0,0,0,0,0,0,0,0,0,0,0,0,0,1],