{"Data Loss":0.012913638725876808,"_wandb":{"runtime":309},"_step":29999,"_runtime":309.7885602,"PDE Loss":0.08588310331106186,"Epoch":29999,"BC Loss":9.770927863428369e-05,"Loss":0.03296593949198723,"_timestamp":1.7333329024233508e+09}