{"PDE Loss":0.21212267875671387,"_runtime":0.9334734,"Data Loss":0,"_step":0,"Epoch":0,"Loss":0.42393791675567627,"BC Loss":1.0031194686889648,"_timestamp":1.7333604405159504e+09,"_wandb":{"runtime":1}}