{"Loss":0.29158711433410645,"_wandb":{"runtime":3},"IC Loss":0.09415864944458008,"PDE Loss":0.5494095087051392,"Data Loss":0.24193909764289856,"_timestamp":1.7333164360297468e+09,"_runtime":3.258810562,"_step":0}