{"PDE Loss":0.08590718358755112,"gradients/graph_83layers.1.weight":{"bins":[0,0],"_type":"histogram","values":[256]},"gradients/graph_82layers.3.weight":{"_type":"histogram","values":[3,0,1,4,0,0,0,1,6,4,3,1,1,1,0,3,1,4,0,3,0,1,0,0,2,1,3,2,6,4,15,69,57,8,4,5,2,1,0,2,2,0,2,2,0,1,3,1,2,0,1,1,4,4,2,4,0,0,1,1,3,0,1,3],"bins":[-0.0006662228261120617,-0.0006453613168559968,-0.000624499749392271,-0.0006036382401362062,-0.0005827767308801413,-0.0005619152216240764,-0.0005410537123680115,-0.0005201921449042857,-0.0004993306356482208,-0.0004784691263921559,-0.00045760758803226054,-0.0004367460496723652,-0.0004158845404163003,-0.0003950230311602354,-0.00037416149280034006,-0.0003532999544404447,-0.0003324384451843798,-0.0003115769359283149,-0.0002907153975684196,-0.00026985385920852423,-0.00024899234995245934,-0.00022813084069639444,-0.0002072693023364991,-0.00018640776397660375,-0.00016554625472053885,-0.00014468474546447396,-0.00012382323620840907,-0.00010296166874468327,-8.210015948861837e-05,-6.123865023255348e-05,-4.037708276882768e-05,-1.9515573512762785e-05,1.3459357433021069e-06,2.2207444999367e-05,4.306895425543189e-05,6.39305217191577e-05,8.479203097522259e-05,0.00010565354023128748,0.00012651510769501328,0.00014737661695107818,0.00016823812620714307,0.00018909963546320796,0.0002099611738231033,0.00023082271218299866,0.00025168422143906355,0.00027254573069512844,0.0002934072690550238,0.00031426880741491914,0.00033513031667098403,0.0003559918259270489,0.00037685336428694427,0.0003977149026468396,0.0004185764119029045,0.0004394379211589694,0.00046029945951886475,0.0004811609978787601,0.000502022507134825,0.0005228840163908899,0.0005437455838546157,0.0005646070931106806,0.0005854686023667455,0.0006063301116228104,0.0006271916208788753,0.0006480531883426011,0.000668914697598666]},"Loss":0.03317485377192497,"_wandb":{"runtime":122},"gradients/graph_82layers.4.weight":{"_type":"histogram","values":[2,0,0,3,0,1,0,0,0,0,0,0,0,0,0,0,0,0,0,0,0,0,0,0,0,0,0,0,0,0,0,0,0,0,0,1,1,0,2,1,3,2,0,2,0,0,0,0,0,0,0,0,1,0,0,1,3,1,0,3,0,4,0,1],"bins":[-0.0004625426372513175,-0.00044755576527677476,-0.00043256886419840157,-0.00041758199222385883,-0.0004025951202493161,-0.00038760824827477336,-0.00037262134719640017,-0.00035763447522185743,-0.0003426476032473147,-0.0003276607021689415,-0.00031267383019439876,-0.000297686958219856,-0.00028270005714148283,-0.0002677131851669401,-0.00025272631319239736,-0.0002377394266659394,-0.00022275254013948143,-0.0002077656681649387,-0.0001927787670865655,-0.00017779189511202276,-0.00016280502313748002,-0.00014781812205910683,-0.0001328312500845641,-0.00011784437811002135,-0.00010285747703164816,-8.787060505710542e-05,-7.288373308256269e-05,-5.789686110801995e-05,-4.2909960029646754e-05,-2.7923088055104017e-05,-1.293621608056128e-05,2.0506849978119135e-06,1.703755697235465e-05,3.202442894689739e-05,4.701133002527058e-05,6.199820199981332e-05,7.698507397435606e-05,9.197197505272925e-05,0.00010695884702727199,0.00012194571900181472,0.00013693259097635746,0.00015191949205473065,0.0001669063640292734,0.00018189323600381613,0.00019688013708218932,0.00021186700905673206,0.0002268538810312748,0.000241840782109648,0.0002568276540841907,0.00027181452605873346,0.00028680142713710666,0.0003017882991116494,0.00031677517108619213,0.0003317620721645653,0.00034674894413910806,0.0003617358161136508,0.000376722717192024,0.00039170958916656673,0.00040669646114110947,0.00042168336221948266,0.0004366702341940254,0.00045165710616856813,0.00046664397814311087,0.00048163087922148407,0.0004966177511960268]},"gradients/graph_82layers.1.weight":{"_type":"histogram","values":[1,0,0,0,0,0,0,1,1,0,0,0,1,0,1,0,1,1,0,1,2,0,0,1,3,1,0,3,3,3,2,6,3,2,7,13,31,33,30,34,14,9,5,5,6,7,3,4,2,3,1,1,1,1,1,1,2,0,1,2,0,1,0,1],"bins":[-0.0008372280281037092,-0.0008152606897056103,-0.0007932932930998504,-0.0007713259547017515,-0.0007493585580959916,-0.0007273912196978927,-0.0007054238812997937,-0.0006834565429016948,-0.0006614891462959349,-0.0006395217496901751,-0.0006175544112920761,-0.0005955870728939772,-0.0005736197344958782,-0.0005516523378901184,-0.0005296849994920194,-0.0005077176028862596,-0.0004857502644881606,-0.0004637828969862312,-0.0004418155294843018,-0.00041984819108620286,-0.00039788082358427346,-0.00037591345608234406,-0.0003539461176842451,-0.00033197872107848525,-0.0003100113826803863,-0.00028804404428228736,-0.0002660766476765275,-0.00024410930927842855,-0.0002221419708803296,-0.00020017457427456975,-0.0001782072358764708,-0.00015623983927071095,-0.000134272500872612,-0.00011230516247451305,-9.03377658687532e-05,-6.837042747065425e-05,-4.640303086489439e-05,-2.4435692466795444e-05,-2.468354068696499e-06,1.949904253706336e-05,4.1466380935162306e-05,6.343371933326125e-05,8.540111593902111e-05,0.00010736845433712006,0.00012933582183904946,0.00015130318934097886,0.0001732705277390778,0.0001952378952410072,0.0002172052627429366,0.000239172630244866,0.0002611399977467954,0.00028310733614489436,0.00030507470364682376,0.00032704207114875317,0.0003490094095468521,0.0003709767770487815,0.0003929441445507109,0.0004149115120526403,0.0004368788795545697,0.00045884621795266867,0.00048081358545459807,0.0005027809529565275,0.0005247482913546264,0.0005467156879603863,0.0005686830263584852]},"gradients/graph_83layers.3.bias":{"bins":[0,0],"_type":"histogram","values":[16]},"_runtime":122.1257756,"BC Loss":4.71742641821038e-05,"gradients/graph_83layers.0.bias":{"_type":"histogram","values":[16],"bins":[0,0]},"gradients/graph_82layers.2.weight":{"_type":"histogram","values":[1,1,2,1,1,1,1,1,2,4,2,2,2,1,1,2,1,1,2,2,2,2,0,2,0,5,5,2,3,9,36,95,20,10,4,3,2,4,0,1,0,1,0,1,1,0,0,2,1,0,1,2,2,1,2,0,1,0,0,1,2,0,1,1],"bins":[-0.0008671261603012681,-0.000839406275190413,-0.0008116864482872188,-0.0007839665631763637,-0.0007562467362731695,-0.0007285268511623144,-0.0007008070242591202,-0.0006730871391482651,-0.0006453673122450709,-0.0006176474271342158,-0.0005899275420233607,-0.0005622077151201665,-0.0005344878882169724,-0.0005067680031061172,-0.0004790481470990926,-0.00045132829109206796,-0.0004236084350850433,-0.00039588857907801867,-0.00036816869396716356,-0.0003404488670639694,-0.00031272898195311427,-0.0002850091550499201,-0.000257289269939065,-0.0002295694430358708,-0.0002018495579250157,-0.0001741297310218215,-0.0001464098459109664,-0.00011869001900777221,-9.09701338969171e-05,-6.325030699372292e-05,-3.553042188286781e-05,-7.810594979673624e-06,1.990929013118148e-05,4.762917524203658e-05,7.534900214523077e-05,0.00010306888725608587,0.00013078871415928006,0.00015850859927013516,0.00018622842617332935,0.00021394831128418446,0.00024166813818737864,0.00026938802329823375,0.00029710785020142794,0.00032482773531228304,0.00035254756221547723,0.00038026744732633233,0.0004079872742295265,0.0004357071593403816,0.00046342701534740627,0.0004911468713544309,0.0005188666982576251,0.0005465865833684802,0.0005743064684793353,0.0006020262953825295,0.0006297461222857237,0.0006574660073965788,0.0006851858925074339,0.0007129057194106281,0.0007406256045214832,0.0007683454314246774,0.0007960653165355325,0.0008237851434387267,0.0008515050285495818,0.000879224855452776,0.0009069447405636311]},"gradients/graph_83layers.2.bias":{"bins":[0,0],"_type":"histogram","values":[16]},"gradients/graph_82layers.0.weight":{"values":[1,0,0,0,0,0,0,0,0,0,0,0,0,1,0,0,0,0,0,0,0,1,1,0,0,0,0,0,1,0,0,0,0,0,0,1,2,0,1,0,0,0,0,1,3,0,0,0,1,0,0,0,0,0,1,0,0,0,0,0,0,0,0,1],