{"_runtime":12.5523919,"Data Loss":NaN,"_step":1,"BC Loss":0.9007484912872314,"PDE Loss":0.2846275866031647,"_wandb":{"runtime":12},"Loss":NaN,"_timestamp":1.733357849185977e+09,"Epoch":0,"Solution":{"_type":"plotly-file","sha256":"95973b4fe9458e339e528411c747839437c52eefb747e17696913a0390ac7964","size":47992048,"path":"media/plotly/Solution_1_95973b4fe9458e339e52.plotly.json"}}