{"gradients/layers.3.bias":{"_type":"histogram","values":[1],"bins":[0.00046564487274736166,0.00046564487274736166]},"gradients/layers.1.weight":{"bins":[-0.0007043192745186388,-0.0006817163084633648,-0.0006591133424080908,-0.0006365103181451559,-0.0006139073520898819,-0.0005913043860346079,-0.0005687014199793339,-0.0005460984539240599,-0.0005234954878687859,-0.0005008924636058509,-0.0004782894975505769,-0.0004556865314953029,-0.0004330835654400289,-0.00041048057028092444,-0.00038787760422565043,-0.00036527460906654596,-0.00034267164301127195,-0.00032006867695599794,-0.0002974656817968935,-0.00027486271574161947,-0.000252259720582515,-0.000229656754527241,-0.00020705378847196698,-0.00018445082241669297,-0.00016184785636141896,-0.00013924483209848404,-0.00011664186604321003,-9.403889998793602e-05,-7.143593393266201e-05,-4.8832967877388e-05,-2.6229943614453077e-05,-3.6269775591790676e-06,1.897593028843403e-05,4.157889634370804e-05,6.418186239898205e-05,8.678488666191697e-05,0.00010938785271719098,0.000131990818772465,0.000154593784827739,0.000177196750883013,0.00019979977514594793,0.00022240274120122194,0.00024500570725649595,0.00026760867331176996,0.00029021163936704397,0.00031281463452614844,0.00033541760058142245,0.0003580205957405269,0.0003806235617958009,0.00040322652785107493,0.0004258295230101794,0.0004484324890654534,0.0004710354842245579,0.0004936384502798319,0.0005162414163351059,0.0005388443823903799,0.0005614473484456539,0.0005840503727085888,0.0006066533387638628,0.0006292563048191369,0.0006518592708744109,0.0006744622951373458,0.0006970652611926198,0.0007196682272478938,0.0007422711933031678],"_type":"histogram","values":[1,0,0,0,1,0,1,1,0,0,0,1,0,1,1,0,4,1,5,8,5,5,10,10,11,15,13,16,19,31,39,33,31,32,16,18,12,7,6,8,8,8,4,2,2,5,0,1,1,1,0,1,0,1,0,2,0,0,0,1,0,0,0,1]},"_timestamp":1.7333607908781214e+09,"PDE Loss":0.0011038234224542975,"_step":5005,"Loss":0.04180188104510307,"Epoch":4999,"gradients/layers.2.bias":{"values":[1,0,0,0,0,0,0,0,0,0,0,0,0,0,0,1,2,1,1,0,0,0,0,0,1,0,0,1,0,0,1,1,1,1,0,0,2,0,0,2,0,0,0,0,0,0,1,1,0,0,0,0,0,1,0,0,0,0,0,0,0,0,0,1],"bins":[-0.0004274430684745312,-0.0004143018741160631,-0.0004011607088614255,-0.00038801951450295746,-0.00037487834924831986,-0.0003617371548898518,-0.00034859596053138375,-0.00033545479527674615,-0.0003223136009182781,-0.0003091724356636405,-0.00029603124130517244,-0.0002828900469467044,-0.0002697488816920668,-0.0002566077164374292,-0.0002434665075270459,-0.00023032532772049308,-0.00021718414791394025,-0.00020404296810738742,-0.0001909017883008346,-0.00017776060849428177,-0.0001646194141358137,-0.00015147824888117611,-0.00013833705452270806,-0.00012519586016424,-0.0001120546949096024,-9.891350055113435e-05,-8.577233529649675e-05,-7.263114093802869e-05,-5.948994657956064e-05,-4.634878132492304e-05,-3.320758696645498e-05,-2.0066421711817384e-05,-6.925227353349328e-06,6.215967005118728e-06,1.9357132259756327e-05,3.249832661822438e-05,4.563949187286198e-05,5.878068623133004e-05,7.192188058979809e-05,8.506304584443569e-05,9.820424020290375e-05,0.00011134540545754135,0.0001244865998160094,0.00013762779417447746,0.00015076895942911506,0.0001639101537875831,0.00017705133359413594,0.00019019251340068877,0.0002033336932072416,0.00021647487301379442,0.00022961605282034725,0.0002427572471788153,0.00025589842698536813,0.00026903959224000573,0.0002821807865984738,0.00029532198095694184,0.00030846314621157944,0.0003216043405700475,0.0003347455058246851,0.00034788670018315315,0.0003610278945416212,0.0003741690597962588,0.00038731025415472686,0.00040045141940936446,0.0004135926137678325],"_type":"histogram"},"gradients/layers.2.weight":{"bins":[-0.0004842751077376306,-0.0004685617168433964,-0.0004528483550529927,-0.0004371349641587585,-0.0004214216023683548,-0.0004057082114741206,-0.00038999482057988644,-0.00037428142968565226,-0.00035856806789524853,-0.0003428547061048448,-0.00032714131521061063,-0.00031142792431637645,-0.00029571453342214227,-0.00028000117163173854,-0.00026428778073750436,-0.00024857441894710064,-0.00023286102805286646,-0.00021714763715863228,-0.00020143427536822855,-0.00018572088447399437,-0.00017000752268359065,-0.00015429413178935647,-0.0001385807408951223,-0.00012286737910471857,-0.00010715398821048439,-9.14405973162502e-05,-7.572723552584648e-05,-6.00138446316123e-05,-4.430045373737812e-05,-2.8587091946974397e-05,-1.2873701052740216e-05,2.8396607376635075e-06,1.8553051631897688e-05,3.426644252613187e-05,4.997980431653559e-05,6.569319521076977e-05,8.14065570011735e-05,9.711994789540768e-05,0.00011283333878964186,0.00012854670058004558,0.00014426009147427976,0.00015997348236851394,0.00017568684415891767,0.00019140023505315185,0.00020711362594738603,0.00022282698773778975,0.00023854037863202393,0.00025425374042242765,0.00026996713131666183,0.000285680522210896,0.00030139388400129974,0.0003171072748955339,0.00033282063668593764,0.0003485340275801718,0.000364247418474406,0.0003799608093686402,0.0003956741711590439,0.00041138753294944763,0.0004271009238436818,0.000442814314737916,0.0004585277056321502,0.0004742410674225539,0.0004899544292129576,0.0005056678201071918,0.000521381211001426],"_type":"histogram","values":[1,0,0,0,0,2,1,0,0,1,3,0,2,3,1,3,4,2,2,1,9,13,4,6,10,12,18,23,18,21,59,35,25,15,12,12,9,13,6,7,11,6,6,3,10,0,1,1,0,0,0,3,1,2,2,0,0,0,0,0,0,0,0,1]},"_runtime":59.9774719,"Data Loss":0,"Solution":{"path":"media/plotly/Solution_4005_c5152f94a61704f0c222.plotly.json","_type":"plotly-file","sha256":"c5152f94a61704f0c2222cbec9ffecaed375a651e44af7c92031b6ad48090b2a","size":13824216},"_wandb":{"runtime":59},"gradients/layers.0.bias":{"values":[1,0,0,0,1,0,0,0,0,1,1,0,0,0,0,0,1,0,1,0,1,0,0,2,0,1,0,0,0,0,0,1,0,1,0,0,1,1,0,1,1,0,0,0,0,0,0,1,0,0,1,0,0,0,0,0,0,1,0,0,0,0,0,1],"bins":[-0.0018805190920829773,-0.0018186202505603433,-0.0017567214090377092,-0.0016948225675150752,-0.0016329237259924412,-0.001571025000885129,-0.001509126159362495,-0.001447227317839861,-0.0013853284763172269,-0.0013234296347945929,-0.0012615307932719588,-0.0011996319517493248,-0.0011377332266420126,-0.0010758342687040567,-0.0010139355435967445,-0.0009520367020741105,-0.0008901378605514765,-0.0008282390190288424,-0.0007663401775062084,-0.0007044413359835744,-0.0006425424944609404,-0.0005806437693536282,-0.0005187449278309941,-0.0004568460863083601,-0.00039494724478572607,-0.00033304840326309204,-0.000271149561740458,-0.00020925072021782398,-0.00014735199511051178,-8.545315358787775e-05,-2.355431206524372e-05,3.834452945739031e-05,0.00010024337098002434,0.00016214221250265837,0.0002240410540252924,0.0002859398955479264,0.00034783873707056046,0.00040973746217787266,0.0004716363037005067,0.0005335351452231407,0.0005954339867457747,0.0006573328282684088,0.0007192316697910428,0.0007811305113136768,0.000843029236420989,0.0009049280779436231,0.0009668269194662571,0.0010287257609888911,0.0010906246025115252,0.0011525234440341592,0.0012144222855567932,0.0012763210106641054,0.0013382199686020613,0.0014001186937093735,0.0014620175352320075,0.0015239163767546415,0.0015858152182772756,0.0016477140597999096,0.0017096129013225436,0.0017715117428451777,0.0018334104679524899,0.0018953093094751239,0.001957208150997758,0.0020191071089357138,0.002081005834043026],"_type":"histogram"},"gradients/layers.1.bias":{"_type":"histogram","values":[1,0,0,2,0,1,0,0,0,0,0,0,0,0,0,0,0,0,1,0,1,0,1,0,0,0,1,1,0,1,1,1,1,1,1,0,0,1,0,0,0,1,0,0,0,0,0,0,0,1,0,0,0,0,1,0,0,0,0,0,0,0,0,1],