{"_timestamp":1.7333585954193614e+09,"BC Loss":NaN,"_wandb":{"runtime":14},"Loss":NaN,"Data Loss":NaN,"_runtime":14.0194435,"Epoch":2,"PDE Loss":NaN,"_step":3,"Solution":{"sha256":"95973b4fe9458e339e528411c747839437c52eefb747e17696913a0390ac7964","size":47992048,"path":"media/plotly/Solution_1_95973b4fe9458e339e52.plotly.json","_type":"plotly-file"}}