{"Loss":NaN,"BC Loss":NaN,"PDE Loss":NaN,"Data Loss":NaN,"_runtime":237.9872921,"_wandb":{"runtime":238},"Solution":{"_type":"plotly-file","sha256":"51997558ce658a4bbcc02ad5a927923e62bc3283a029a742d7f2317fd01b1b0e","size":9098,"path":"media/plotly/Solution_6007_51997558ce658a4bbcc0.plotly.json"},"_timestamp":1.7333571548265173e+09,"_step":6817,"Epoch":6810}