{"Solution":{"_type":"plotly-file","sha256":"95973b4fe9458e339e528411c747839437c52eefb747e17696913a0390ac7964","size":47992048,"path":"media/plotly/Solution_1_95973b4fe9458e339e52.plotly.json"},"_wandb":{"runtime":13},"PDE Loss":0.07590708136558533,"_runtime":13.6360346,"_step":1,"Epoch":0,"_timestamp":1.7333579447108946e+09,"Loss":NaN,"BC Loss":0.7172741293907166,"Data Loss":NaN}