{"_wandb":{"runtime":3},"PDE Loss":0.16211575269699097,"Data Loss":0.24841228127479553,"_timestamp":1.7328862065743997e+09,"_runtime":2.602014548,"_step":0,"Loss":1.0598490238189697,"IC Loss":0.6493209600448608}