{"_timestamp":1.7328861273838763e+09,"_runtime":2.6866543529999998,"PDE Loss":1.037462592124939,"_step":1,"Loss":16.20002555847168,"Solution":{"sha256":"d3a671b7d5162a24a629afc7986d4d9fd3b284c1852b5f9fe957f0ae5a23c6bf","size":169219,"path":"media/plotly/Solution_1_d3a671b7d5162a24a629.plotly.json","_type":"plotly-file"},"_wandb":{"runtime":2},"IC Loss":12.775738716125488,"Data Loss":2.3868248462677}