{"gradients/layers.2.bias":{"bins":[-0.00011171202640980482,-0.00010956752521451563,-0.00010742303129518405,-0.00010527853009989485,-0.00010313403618056327,-0.00010098953498527408,-9.88450410659425e-05,-9.67005398706533e-05,-9.455604595132172e-05,-9.241154475603253e-05,-9.026704356074333e-05,-8.812254964141175e-05,-8.597804844612256e-05,-8.383355452679098e-05,-8.168905333150178e-05,-7.954455213621259e-05,-7.740005821688101e-05,-7.525556429754943e-05,-7.311106310226023e-05,-7.096656190697104e-05,-6.882206798763946e-05,-6.667756679235026e-05,-6.453307287301868e-05,-6.238857167772949e-05,-6.02440741204191e-05,-5.809957656310871e-05,-5.5955079005798325e-05,-5.381058144848794e-05,-5.166608025319874e-05,-4.952158633386716e-05,-4.737708513857797e-05,-4.523259121924639e-05,-4.308809002395719e-05,-4.0943588828668e-05,-3.879909490933642e-05,-3.665459371404722e-05,-3.451009979471564e-05,-3.236559859942645e-05,-3.022110104211606e-05,-2.8076603484805673e-05,-2.5932105927495286e-05,-2.37876083701849e-05,-2.164311081287451e-05,-1.9498613255564123e-05,-1.735411206027493e-05,-1.5209614502964541e-05,-1.3065116945654154e-05,-1.0920619388343766e-05,-8.776121831033379e-06,-6.631624273722991e-06,-4.487126716412604e-06,-2.342627340112813e-06,-1.9812978280242532e-07,1.946367774507962e-06,4.090867150807753e-06,6.235364708118141e-06,8.379862265428528e-06,1.0524359822738916e-05,1.2668858289544005e-05,1.4813356756349094e-05,1.6957854313659482e-05,1.910235187096987e-05,2.124685124726966e-05,2.3391348804580048e-05,2.5535846361890435e-05],"_type":"histogram","values":[1,0,0,0,0,0,0,0,0,0,0,0,0,0,0,0,0,0,0,0,0,0,0,0,0,0,0,0,0,0,0,1,0,0,0,0,0,0,0,0,0,0,0,0,0,0,0,0,0,0,0,0,0,0,0,0,0,0,0,0,0,0,0,1]},"gradients/layers.3.bias":{"bins":[0.00035460395156405866,0.00035460395156405866],"_type":"histogram","values":[1]},"Epoch":4999,"Loss":0.08188089728355408,"gradients/layers.3.weight":{"values":[1,0,0,0,0,0,0,0,0,0,0,0,0,0,0,0,0,0,0,0,0,0,0,0,0,0,0,0,0,0,1,0,0,0,0,0,0,0,0,0,0,0,0,0,0,0,0,0,0,0,0,0,0,0,0,0,0,0,0,0,0,0,0,1],"bins":[0.0003174982266500592,0.00031786487670615315,0.00031823155586607754,0.0003185982059221715,0.00031896488508209586,0.0003193315351381898,0.0003196981851942837,0.0003200648643542081,0.00032043151441030204,0.00032079819357022643,0.00032116484362632036,0.0003215314936824143,0.0003218981728423387,0.0003222648228984326,0.000322631502058357,0.00032299815211445093,0.00032336480217054486,0.00032373148133046925,0.0003240981313865632,0.00032446481054648757,0.0003248314606025815,0.0003251981397625059,0.0003255647898185998,0.00032593143987469375,0.00032629811903461814,0.00032666476909071207,0.00032703144825063646,0.0003273980983067304,0.0003277647483628243,0.0003281314275227487,0.00032849807757884264,0.00032886475673876703,0.00032923140679486096,0.0003295980568509549,0.0003299647360108793,0.0003303313860669732,0.0003306980652268976,0.00033106471528299153,0.00033143136533908546,0.00033179804449900985,0.0003321646945551038,0.00033253137371502817,0.0003328980237711221,0.00033326467382721603,0.0003336313529871404,0.00033399800304323435,0.00033436468220315874,0.00033473133225925267,0.00033509801141917706,0.000335464661475271,0.0003358313115313649,0.0003361979906912893,0.00033656464074738324,0.0003369313199073076,0.00033729796996340156,0.0003376646200194955,0.0003380312991794199,0.0003383979492355138,0.0003387646283954382,0.0003391312784515321,0.00033949792850762606,0.00033986460766755044,0.0003402312577236444,0.00034059793688356876,0.0003409645869396627],"_type":"histogram"},"BC Loss":0.24491402506828308,"gradients/layers.2.weight":{"values":[2,0,0,0,0,0,0,0,0,0,0,0,2,0,0,0,0,0,0,1,1,1,0,0,0,0,0,0,0,0,0,0,0,0,0,0,0,0,0,0,0,1,0,0,0,0,0,0,0,0,0,0,0,0,0,0,0,0,0,0,0,0,0,1],"bins":[-3.5804579965770245e-05,-3.385329182492569e-05,-3.190200004610233e-05,-2.9950710086268373e-05,-2.7999420126434416e-05,-2.604813016660046e-05,-2.40968402067665e-05,-2.2145550246932544e-05,-2.0194260287098587e-05,-1.824297032726463e-05,-1.6291680367430672e-05,-1.4340390407596715e-05,-1.2389100447762758e-05,-1.04378104879288e-05,-8.486520528094843e-06,-6.535230568260886e-06,-4.5839406084269285e-06,-2.632652467582375e-06,-6.81360688759014e-07,1.2699310900643468e-06,3.2212192309089005e-06,5.172507371753454e-06,7.123799150576815e-06,9.075090929400176e-06,1.102637907024473e-05,1.2977667211089283e-05,1.4928958989912644e-05,1.6880250768736005e-05,1.883153890958056e-05,2.0782827050425112e-05,2.2734118829248473e-05,2.4685410608071834e-05,2.6636698748916388e-05,2.858798688976094e-05,3.05392786685843e-05,3.249057044740766e-05,3.4441858588252217e-05,3.639314672909677e-05,3.834443850792013e-05,4.029573028674349e-05,4.2247018427588046e-05,4.41983065684326e-05,4.614959834725596e-05,4.810089012607932e-05,5.0052178266923875e-05,5.200346640776843e-05,5.395475818659179e-05,5.590604996541515e-05,5.7857338106259704e-05,5.980862624710426e-05,6.175991438794881e-05,6.371120980475098e-05,6.566249794559553e-05,6.761378608644009e-05,6.956508150324225e-05,7.151636964408681e-05,7.346765778493136e-05,7.541894592577592e-05,7.737023406662047e-05,7.932152948342264e-05,8.127281762426719e-05,8.322410576511174e-05,8.517540118191391e-05,8.712668932275847e-05,8.907797746360302e-05],"_type":"histogram"},"_wandb":{"runtime":116},"Solution":{"sha256":"8a1eaba1e46e55987229c82b1098a7ca2cb85d4407dd16f9de77c39ce7a00c63","size":64545261,"path":"media/plotly/Solution_4005_8a1eaba1e46e55987229.plotly.json","_type":"plotly-file"},"gradients/layers.1.weight":{"_type":"histogram","values":[1,0,0,0,0,1,0,0,0,0,0,1,0,0,0,1,0,0,0,0,0,0,0,0,0,0,0,0,0,0,0,0,0,0,0,0,2,0,0,0,0,0,0,0,0,0,1,0,0,0,0,0,0,0,0,0,0,0,1,0,0,0,0,1],"bins":[-2.9136135708540678e-05,-2.84486886812374e-05,-2.776124165393412e-05,-2.7073794626630843e-05,-2.6386347599327564e-05,-2.5698900572024286e-05,-2.5011453544721007e-05,-2.432400651741773e-05,-2.363655949011445e-05,-2.2949112462811172e-05,-2.2261665435507894e-05,-2.1574218408204615e-05,-2.0886771380901337e-05,-2.0199324353598058e-05,-1.951187732629478e-05,-1.88244302989915e-05,-1.8136983271688223e-05,-1.7449536244384944e-05,-1.6762089217081666e-05,-1.6074642189778388e-05,-1.538719516247511e-05,-1.469974813517183e-05,-1.4012301107868552e-05,-1.3324854080565274e-05,-1.2637407053261995e-05,-1.1949960025958717e-05,-1.1262512998655438e-05,-1.057506597135216e-05,-9.887618944048882e-06,-9.200171916745603e-06,-8.512724889442325e-06,-7.825277862139046e-06,-7.137830834835768e-06,-6.450383807532489e-06,-5.762936780229211e-06,-5.075489752925932e-06,-4.388042725622654e-06,-3.7005956983193755e-06,-3.013148671016097e-06,-2.3257016437128186e-06,-1.6382546164095402e-06,-9.508075891062617e-07,-2.633605618029833e-07,4.2408646550029516e-07,1.1115334928035736e-06,1.798980520106852e-06,2.4864275474101305e-06,3.173874574713409e-06,3.861321602016687e-06,4.548768629319966e-06,5.236215656623244e-06,5.923662683926523e-06,6.611109711229801e-06,7.29855673853308e-06,7.986003765836358e-06,8.673450793139637e-06,9.360897820442915e-06,1.0048344847746193e-05,1.0735791875049472e-05,1.142323890235275e-05,1.2110685929656029e-05,1.2798132956959307e-05,1.3485579984262586e-05,1.4173027011565864e-05,1.4860474038869143e-05]},"PDE Loss":0.000728728249669075,"_step":5005,