{"Loss":0.033080555498600006,"gradients/graph_38layers.3.bias":{"_type":"histogram","values":[1,0,0,1,0,2,0,3,1,2,1,2,0,0,1,0,1,0,0,0,0,0,0,0,0,0,0,0,0,0,0,0,0,0,0,0,0,0,0,0,0,0,0,0,0,0,0,0,0,0,0,0,0,0,0,0,0,0,0,0,0,0,0,1],"bins":[-0.00012364922440610826,-0.00010863345232792199,-9.361768024973571e-05,-7.860191544750705e-05,-6.358614336932078e-05,-4.8570371291134506e-05,-3.355460648890585e-05,-1.8538834410719573e-05,-3.5230623325333e-06,1.1492709745652974e-05,2.6508481823839247e-05,4.152425390202552e-05,5.6540011428296566e-05,7.155578350648284e-05,8.657155558466911e-05,0.00010158732766285539,0.00011660309974104166,0.00013161887181922793,0.0001466346438974142,0.00016165041597560048,0.00017666618805378675,0.00019168196013197303,0.0002066977322101593,0.00022171350428834558,0.0002367292472627014,0.00025174501934088767,0.00026676079141907394,0.0002817765634972602,0.0002967923355754465,0.00031180810765363276,0.00032682387973181903,0.0003418396518100053,0.0003568553947843611,0.0003718711668625474,0.00038688693894073367,0.00040190271101891994,0.0004169184830971062,0.0004319342551752925,0.00044695002725347877,0.00046196579933166504,0.0004769815714098513,0.0004919973434880376,0.000507013057358563,0.0005220288876444101,0.0005370446015149355,0.0005520604318007827,0.000567076145671308,0.0005820919759571552,0.0005971076898276806,0.0006121235201135278,0.0006271392339840531,0.0006421550642699003,0.0006571707781404257,0.000672186550218612,0.0006872023222967982,0.0007022180943749845,0.0007172338664531708,0.000732249638531357,0.0007472654106095433,0.0007622811826877296,0.0007772969547659159,0.0007923127268441021,0.0008073284989222884,0.0008223442710004747,0.000837360043078661]},"gradients/graph_38layers.2.weight":{"bins":[-0.0003909459337592125,-0.00037857750430703163,-0.00036620907485485077,-0.0003538406454026699,-0.00034147221595048904,-0.0003291037864983082,-0.0003167353861499578,-0.0003043669566977769,-0.00029199852724559605,-0.0002796300977934152,-0.0002672616683412343,-0.0002548932679928839,-0.00024252482398878783,-0.00023015639453660697,-0.00021778797963634133,-0.00020541955018416047,-0.0001930511207319796,-0.00018068269127979875,-0.00016831426182761788,-0.00015594584692735225,-0.00014357740292325616,-0.00013120900257490575,-0.00011884057312272489,-0.00010647214367054403,-9.410371421836317e-05,-8.17352847661823e-05,-6.936685531400144e-05,-5.699842586182058e-05,-4.463002551347017e-05,-3.226159606128931e-05,-1.9893166609108448e-05,-7.524737156927586e-06,4.843692295253277e-06,1.721212174743414e-05,2.9580551199615e-05,4.1948980651795864e-05,5.4317410103976727e-05,6.668581045232713e-05,7.9054239904508e-05,9.142266935668886e-05,0.00010379109880886972,0.00011615952826105058,0.00012852795771323144,0.0001408963871654123,0.0001532647875137627,0.0001656332315178588,0.00017800164641812444,0.0001903700758703053,0.00020273850532248616,0.00021510693477466702,0.0002274753642268479,0.00023984377912711352,0.0002522122231312096,0.0002645806525833905,0.0002769490529317409,0.00028931748238392174,0.0003016859118361026,0.00031405434128828347,0.00032642277074046433,0.00033879117108881474,0.0003511596005409956,0.00036352802999317646,0.0003758964594453573,0.0003882648888975382,0.00040063331834971905],"_type":"histogram","values":[2,0,0,1,1,0,0,1,1,1,0,0,0,2,0,0,1,0,1,5,1,5,2,0,3,3,6,8,10,16,19,45,28,21,17,13,15,5,2,0,0,2,1,5,2,1,0,0,1,0,2,0,0,0,1,0,0,0,0,2,0,0,3,1]},"gradients/graph_39layers.1.bias":{"_type":"histogram","values":[16],"bins":[0,0]},"gradients/graph_39layers.2.weight":{"bins":[0,0],"_type":"histogram","values":[256]},"gradients/graph_39layers.0.weight":{"values":[32],"bins":[0,0],"_type":"histogram"},"gradients/graph_39layers.0.bias":{"_type":"histogram","values":[16],"bins":[0,0]},"gradients/graph_39layers.3.weight":{"_type":"histogram","values":[256],"bins":[0,0]},"gradients/graph_38layers.2.bias":{"_type":"histogram","values":[1,0,0,0,0,0,0,0,0,0,0,0,0,0,0,0,0,0,0,0,1,0,0,0,0,0,0,0,1,1,0,2,1,1,1,0,1,1,0,2,0,0,0,0,0,1,0,1,0,0,0,0,0,0,0,0,0,0,0,0,0,0,0,1],"bins":[-0.0004070552531629801,-0.0003952168335672468,-0.0003833784139715135,-0.0003715399943757802,-0.00035970157478004694,-0.0003478631260804832,-0.0003360247064847499,-0.00032418628688901663,-0.00031234786729328334,-0.00030050944769755006,-0.0002886710281018168,-0.0002768326085060835,-0.00026499415980651975,-0.0002531557693146169,-0.00024131732061505318,-0.0002294789010193199,-0.0002176404814235866,-0.00020580206182785332,-0.00019396364223212004,-0.00018212520808447152,-0.00017028678848873824,-0.00015844835434108973,-0.00014660993474535644,-0.00013477151514962316,-0.00012293309555388987,-0.00011109467595815659,-9.92562563624233e-05,-8.741783676669002e-05,-7.557938806712627e-05,-6.374096847139299e-05,-5.1902548875659704e-05,-4.006412927992642e-05,-2.8225709684193134e-05,-1.638729008845985e-05,-4.548870492726564e-06,7.2895491030067205e-06,1.9127968698740005e-05,3.096641739830375e-05,4.280483699403703e-05,5.464325658977032e-05,6.64816761855036e-05,7.832009578123689e-05,9.015851537697017e-05,0.00010199693497270346,0.00011383536912035197,0.00012567378871608526,0.00013751222286373377,0.00014935064245946705,0.00016118906205520034,0.00017302748165093362,0.0001848659012466669,0.00019670433539431542,0.0002085427549900487,0.000220381174585782,0.0002322196087334305,0.0002440580283291638,0.0002558964479248971,0.00026773486752063036,0.00027957328711636364,0.00029141170671209693,0.00030325015541166067,0.00031508857500739396,0.00032692699460312724,0.0003387654141988605,0.0003506038337945938]},"gradients/graph_38layers.0.weight":{"_type":"histogram","values":[1,0,0,0,0,0,0,1,0,0,0,0,2,0,0,1,0,0,0,0,0,0,0,1,0,0,1,0,1,0,0,1,0,0,0,0,0,0,0,0,0,0,0,0,0,1,0,0,0,0,1,0,0,0,0,2,0,0,0,0,1,1,0,1],"bins":[-0.00039439834654331207,-0.0003804023435804993,-0.0003664063406176865,-0.00035241030855104327,-0.0003384143055882305,-0.0003244183026254177,-0.00031042227055877447,-0.0002964262675959617,-0.0002824302646331489,-0.00026843426167033613,-0.00025443825870752335,-0.0002404422266408801,-0.00022644622367806733,-0.00021245022071525455,-0.00019845420320052654,-0.00018445818568579853,-0.00017046218272298574,-0.00015646617976017296,-0.00014247017679736018,-0.00012847414473071694,-0.00011447814176790416,-0.00010048213880509138,-8.648610673844814e-05,-7.249010377563536e-05,-5.849410081282258e-05,-4.44980978500098e-05,-3.0502094887197018e-05,-1.650606282055378e-05,-2.5100598577409983e-06,1.1485943105071783e-05,2.548197517171502e-05,3.94779781345278e-05,5.3473981097340584e-05,6.746998406015337e-05,8.146598702296615e-05,9.546201908960938e-05,0.00010945802205242217,0.00012345402501523495,0.00013745005708187819,0.00015144606004469097,0.00016544206300750375,0.00017943806597031653,0.0001934340689331293,0.00020743010099977255,0.00022142610396258533,0.0002354221069253981,0.00024941813899204135,0.00026341414195485413,0.0002774101449176669,0.0002914061478804797,0.0003054021508432925,0.0003193981829099357,0.0003333941858727485,0.0003473901888355613,0.0003613862209022045,0.0003753822238650173,0.0003893782268278301,0.00040337422979064286,0.00041737023275345564,0.0004313662648200989,0.00044536226778291166,0.00045935827074572444,0.0004733543028123677,0.00048735030577518046,0.0005013463087379932]},"Epoch":9999,"gradients/graph_38layers.3.weight":{"_type":"histogram","values":[3,0,0,0,0,0,0,0,0,0,1,1,0,2,0,0,0,1,0,0,0,0,0,0,0,1,2,8,10,8,33,63,68,22,9,9,4,1,4,0,0,0,1,0,0,0,0,0,0,0,0,0,0,0,1,0,0,0,1,0,0,0,0,3],