{"_timestamp":1.7333314005222597e+09,"Epoch":4377,"PDE Loss":2.5295705199823715e-05,"Data Loss":3.772370519072865e-06,"_wandb":{"runtime":45},"_step":4377,"Loss":9.986161785491277e-06,"_runtime":45.524899,"BC Loss":8.904108312890457e-07}