{"_timestamp":1.7333340276594152e+09,"PDE Loss":0.08575869351625443,"Epoch":29999,"BC Loss":7.712725346209481e-05,"Data Loss":0.012331254780292511,"Loss":0.03272287920117378,"_wandb":{"runtime":525},"_runtime":525.457246687,"_step":29999}