{"gradients/graph_69layers.2.bias":{"_type":"histogram","values":[16],"bins":[0,0]},"Data Loss":0.01350443996489048,"gradients/graph_69layers.1.weight":{"_type":"histogram","values":[256],"bins":[0,0]},"gradients/graph_68layers.1.weight":{"bins":[-2.0215637050569057e-05,-1.973333019122947e-05,-1.9251023331889883e-05,-1.8768716472550295e-05,-1.8286409613210708e-05,-1.780410275387112e-05,-1.7321795894531533e-05,-1.6839489035191946e-05,-1.635718217585236e-05,-1.587487531651277e-05,-1.5392568457173184e-05,-1.4910261597833596e-05,-1.4427954738494009e-05,-1.3945647879154421e-05,-1.3463341019814834e-05,-1.2981034160475247e-05,-1.249872730113566e-05,-1.2016420441796072e-05,-1.1534113582456484e-05,-1.1051806723116897e-05,-1.056949986377731e-05,-1.0087193004437722e-05,-9.604886145098135e-06,-9.122579285758547e-06,-8.64027242641896e-06,-8.157965567079373e-06,-7.675658707739785e-06,-7.193351848400198e-06,-6.7110449890606105e-06,-6.228738129721023e-06,-5.746431270381436e-06,-5.264124411041848e-06,-4.781817551702261e-06,-4.299510692362674e-06,-3.817203833023086e-06,-3.334896973683499e-06,-2.8525901143439114e-06,-2.370283255004324e-06,-1.8879763956647366e-06,-1.4056695363251492e-06,-9.233626769855618e-07,-4.4105581764597446e-07,4.125104169361293e-08,5.235579010332003e-07,1.0058647603727877e-06,1.488171619712375e-06,1.9704784790519625e-06,2.45278533839155e-06,2.9350921977311373e-06,3.4173990570707247e-06,3.899705916410312e-06,4.3820127757498994e-06,4.864319635089487e-06,5.346626494429074e-06,5.828933353768662e-06,6.311240213108249e-06,6.793547072447836e-06,7.275853931787424e-06,7.758160791127011e-06,8.240467650466599e-06,8.722774509806186e-06,9.205081369145773e-06,9.68738822848536e-06,1.0169695087824948e-05,1.0652001947164536e-05],"_type":"histogram","values":[1,1,0,0,0,0,0,0,0,0,0,0,1,2,2,2,3,0,0,0,0,0,0,0,0,0,0,1,0,0,0,2,4,1,3,6,2,3,16,7,36,32,35,17,19,8,8,7,14,5,3,4,2,0,3,2,2,1,0,0,0,0,0,1]},"gradients/graph_68layers.0.weight":{"_type":"histogram","values":[1,0,0,0,0,0,0,0,0,0,0,0,0,0,0,0,0,0,0,0,0,0,0,0,0,0,0,1,1,1,0,1,2,0,2,0,0,1,1,0,0,0,0,1,1,0,1,0,0,0,0,0,0,0,0,0,0,1,0,0,0,0,0,1],"bins":[-1.240381971001625e-05,-1.2058466381859034e-05,-1.1713113053701818e-05,-1.1367759725544602e-05,-1.1022406397387385e-05,-1.0677053069230169e-05,-1.0331699741072953e-05,-9.986346412915736e-06,-9.64099308475852e-06,-9.295639756601304e-06,-8.950286428444088e-06,-8.604933100286871e-06,-8.259579772129655e-06,-7.914226443972439e-06,-7.568873115815222e-06,-7.223519787658006e-06,-6.87816645950079e-06,-6.532813131343573e-06,-6.187459803186357e-06,-5.842106475029141e-06,-5.496753146871924e-06,-5.151399818714708e-06,-4.806046490557492e-06,-4.4606931624002755e-06,-4.115339834243059e-06,-3.769986506085843e-06,-3.4246331779286265e-06,-3.0792798497714102e-06,-2.733926521614194e-06,-2.3885731934569776e-06,-2.0432198652997613e-06,-1.697866537142545e-06,-1.3525132089853287e-06,-1.0071598808281124e-06,-6.618065526708961e-07,-3.1645322451367974e-07,2.8900103643536568e-08,3.742534318007529e-07,7.196067599579692e-07,1.0649600881151855e-06,1.4103134162724018e-06,1.7556667444296181e-06,2.1010200725868344e-06,2.4463734007440507e-06,2.791726728901267e-06,3.1370800570584834e-06,3.4824333852156997e-06,3.827786713372916e-06,4.173140041530132e-06,4.518493369687349e-06,4.863846697844565e-06,5.209200026001781e-06,5.5545533541589975e-06,5.899906682316214e-06,6.24526001047343e-06,6.5906133386306465e-06,6.935966666787863e-06,7.281319994945079e-06,7.626673323102295e-06,7.972026651259512e-06,8.317379979416728e-06,8.662733307573944e-06,9.00808663573116e-06,9.353439963888377e-06,9.698793292045593e-06]},"Epoch":9999,"gradients/graph_69layers.0.bias":{"_type":"histogram","values":[16],"bins":[0,0]},"gradients/graph_69layers.4.weight":{"bins":[0,0],"_type":"histogram","values":[32]},"gradients/graph_69layers.1.bias":{"_type":"histogram","values":[16],"bins":[0,0]},"gradients/graph_68layers.3.bias":{"bins":[-8.493370842188597e-06,-8.043476555030793e-06,-7.593581358378287e-06,-7.143686616473133e-06,-6.693791874567978e-06,-6.2438971326628234e-06,-5.794002390757669e-06,-5.344107648852514e-06,-4.8942129069473594e-06,-4.444318165042205e-06,-3.99442342313705e-06,-3.5445286812318955e-06,-3.094633939326741e-06,-2.644739197421586e-06,-2.1948444555164315e-06,-1.7449497136112768e-06,-1.2950549717061222e-06,-8.451606845483184e-07,-3.9526548789581284e-07,5.462970875669271e-08,5.045239959144965e-07,9.544182830723003e-07,1.4043134797248058e-06,1.8542086763773113e-06,2.304102963535115e-06,2.753997250692919e-06,3.2038924473454244e-06,3.65378764399793e-06,4.103681931155734e-06,4.5535762183135375e-06,5.003471414966043e-06,5.453366611618549e-06,5.903260898776352e-06,6.353155185934156e-06,6.803050382586662e-06,7.252945579239167e-06,7.702839866396971e-06,8.152734153554775e-06,8.60262935020728e-06,9.052524546859786e-06,9.50241883401759e-06,9.952313121175393e-06,1.0402208317827899e-05,1.0852103514480405e-05,1.1301997801638208e-05,1.1751892088796012e-05,1.2201787285448518e-05,1.2651682482101023e-05,1.3101576769258827e-05,1.355147105641663e-05,1.4001366253069136e-05,1.4451261449721642e-05,1.4901155736879446e-05,1.535105002403725e-05,1.5800946130184457e-05,1.625084041734226e-05,1.6700734704500064e-05,1.7150628991657868e-05,1.7600523278815672e-05,1.805041938496288e-05,1.8500313672120683e-05,1.8950207959278487e-05,1.9400104065425694e-05,1.9849998352583498e-05,2.02998926397413e-05],"_type":"histogram","values":[1,0,0,0,0,0,0,1,0,0,0,0,0,0,1,0,0,1,4,3,1,0,0,0,0,0,0,2,0,0,0,0,1,0,0,0,0,0,0,0,0,0,0,0,0,0,0,0,0,0,0,0,0,0,0,0,0,0,0,0,0,0,0,1]},"BC Loss":5.009994492866099e-05,"_timestamp":1.7333549131546764e+09,"gradients/graph_68layers.2.bias":{"_type":"histogram","values":[1,0,0,0,0,0,0,0,0,0,0,0,0,0,0,0,0,0,0,0,0,0,0,0,0,0,0,0,0,0,0,0,0,0,0,0,2,1,3,3,2,1,0,0,2,0,0,0,0,0,0,0,0,0,0,0,0,0,0,0,0,0,0,1],"bins":[-2.1512576495297253e-05,-2.0965513613191433e-05,-2.0418450731085613e-05,-1.9871387848979793e-05,-1.9324324966873974e-05,-1.877726026577875e-05,-1.823019738367293e-05,-1.768313450156711e-05,-1.713607161946129e-05,-1.658900873735547e-05,-1.604194585524965e-05,-1.549488297314383e-05,-1.494781918154331e-05,-1.440075629943749e-05,-1.3853692507836968e-05,-1.3306629625731148e-05,-1.2759566743625328e-05,-1.2212503861519508e-05,-1.1665440979413688e-05,-1.1118377187813167e-05,-1.0571314305707347e-05,-1.0024251423601527e-05,-9.477187632001005e-06,-8.930124749895185e-06,-8.383061867789365e-06,-7.835998985683545e-06,-7.288936103577726e-06,-6.741872311977204e-06,-6.194808520376682e-06,-5.647745638270862e-06,-5.1006827561650425e-06,-4.553619874059223e-06,-4.006556991953403e-06,-3.459494109847583e-06,-2.912431227741763e-06,-2.365368345635943e-06,-1.8183054635301232e-06,-1.2712416719296016e-06,-7.241778803290799e-07,-1.7711499822326005e-07,3.6994788388255984e-07,9.170107659883797e-07,1.4640736480941996e-06,2.0111374396947213e-06,2.558200321800541e-06,3.105263203906361e-06,3.6523269955068827e-06,4.1993898776127025e-06,4.7464527597185224e-06,5.293515641824342e-06,5.840578523930162e-06,6.387642315530684e-06,6.934705197636504e-06,7.481768079742324e-06,8.028831871342845e-06,8.575894753448665e-06,9.122957635554485e-06,9.670020517660305e-06,1.0217083399766125e-05,1.0764147191366646e-05,1.1311210073472466e-05,1.1858272955578286e-05,1.2405336747178808e-05,1.2952399629284628e-05,1.3499462511390448e-05]},"_wandb":{"runtime":115},"gradients/graph_69layers.3.bias":{"_type":"histogram","values":[16],"bins":[0,0]},"gradients/graph_69layers.4.bias":{"values":[2],"bins":[0,0],"_type":"histogram"},"gradients/graph_69layers.0.weight":{"values":[32],"bins":[0,0],"_type":"histogram"},