{"BC Loss":1.470439769946097e-07,"_timestamp":1.7333325573900654e+09,"Loss":0.0001923454983625561,"Data Loss":0.0001855267764767632,"_runtime":478.729634921,"PDE Loss":0.00039136267150752246,"Epoch":29999,"_wandb":{"runtime":478},"_step":29999}